{"type":"FeatureCollection","features":[{"type":"Feature","properties":{"iso3":"FRA","name":"France"},"geometry":{"type":"MultiPolygon","coordinates":[[[[-54.112,2.114],[-54.615,2.326],[-54.376,2.484],[-54.17,2.853],[-54.211,3.127],[-54.003,3.455],[-53.995,3.624],[-54.241,3.876],[-54.407,4.192],[-54.487,4.903],[-54.311,5.226],[-54.08,5.408],[-53.934,5.745],[-52.897,5.406],[-52.389,4.896],[-52.264,4.913],[-52.34,4.725],[-52.232,4.875],[-52.025,4.694],[-51.951,4.454],[-52.046,4.334],[-51.937,4.392],[-51.909,4.656],[-51.802,4.613],[-51.649,4.152],[-52.355,3.152],[-52.409,2.897],[-52.691,2.373],[-52.981,2.173],[-53.269,2.196],[-53.234,2.251],[-53.344,2.35],[-53.532,2.247],[-53.765,2.369],[-54.112,2.114]]],[[[2.522,51.088],[2.608,50.961],[2.587,50.845],[2.787,50.723],[3.129,50.779],[3.271,50.527],[3.608,50.477],[3.697,50.298],[4.003,50.344],[4.198,50.258],[4.126,50.128],[4.21,50.06],[4.132,49.975],[4.646,49.984],[4.816,50.161],[4.872,50.14],[4.784,49.958],[4.86,49.913],[4.849,49.794],[5.259,49.691],[5.456,49.499],[5.746,49.549],[5.961,49.441],[6.403,49.465],[6.714,49.159],[6.925,49.206],[7.043,49.108],[7.274,49.105],[7.41,49.169],[7.635,49.038],[8.2,48.959],[7.81,48.615],[7.751,48.341],[7.586,48.13],[7.621,47.971],[7.512,47.707],[7.586,47.585],[7.379,47.431],[6.973,47.489],[6.867,47.354],[7.037,47.33],[6.665,47.021],[6.443,46.944],[6.429,46.761],[6.118,46.583],[6.054,46.419],[6.135,46.37],[6.094,46.253],[5.955,46.2],[5.959,46.13],[6.14,46.15],[6.281,46.24],[6.214,46.315],[6.269,46.375],[6.483,46.449],[6.787,46.414],[6.774,46.135],[7.022,45.925],[6.801,45.826],[6.796,45.718],[7.161,45.411],[7.055,45.214],[6.603,45.103],[6.745,44.908],[7.005,44.828],[7.055,44.685],[6.96,44.683],[6.836,44.534],[6.918,44.436],[6.866,44.372],[6.983,44.242],[7.331,44.125],[7.656,44.176],[7.69,44.067],[7.478,43.866],[7.476,43.765],[7.152,43.655],[7.139,43.554],[6.962,43.54],[6.894,43.428],[6.731,43.408],[6.591,43.269],[6.693,43.273],[6.68,43.202],[6.375,43.091],[6.193,43.109],[6.18,43.036],[5.941,43.134],[5.879,43.12],[5.94,43.071],[5.819,43.053],[5.674,43.18],[5.347,43.216],[5.294,43.355],[5.034,43.335],[5.026,43.409],[5.226,43.48],[5.029,43.559],[5.051,43.429],[4.868,43.421],[4.856,43.342],[4.695,43.579],[4.82,43.346],[3.953,43.54],[3.114,43.106],[3.039,42.943],[3.046,42.588],[3.181,42.431],[2.934,42.47],[2.662,42.339],[2.277,42.429],[1.996,42.349],[1.712,42.494],[1.722,42.61],[1.429,42.595],[1.343,42.709],[0.813,42.832],[0.656,42.838],[0.644,42.684],[-0.039,42.685],[-0.323,42.843],[-0.569,42.773],[-0.76,42.947],[-1.15,43.006],[-1.286,43.109],[-1.457,43.045],[-1.404,43.243],[-1.634,43.251],[-1.796,43.374],[-1.661,43.4],[-1.477,43.58],[-1.257,44.556],[-1.187,44.665],[-1.045,44.669],[-1.172,44.778],[-1.26,44.627],[-1.134,45.505],[-1.059,45.57],[-0.794,45.355],[-0.548,44.902],[-0.596,45.025],[-0.494,44.998],[-0.656,45.099],[-0.795,45.477],[-1.247,45.71],[-1.164,45.807],[-0.987,45.717],[-1.152,45.868],[-1.049,46.039],[-1.211,46.175],[-1.111,46.303],[-1.24,46.284],[-1.795,46.495],[-1.91,46.692],[-2.119,46.82],[-1.991,47.035],[-2.241,47.142],[-2.152,47.28],[-1.727,47.211],[-2.01,47.32],[-2.278,47.246],[-2.542,47.3],[-2.436,47.307],[-2.556,47.383],[-2.392,47.424],[-2.495,47.491],[-2.364,47.506],[-2.83,47.504],[-2.909,47.558],[-2.741,47.551],[-2.707,47.643],[-2.919,47.596],[-2.975,47.664],[-2.94,47.561],[-3.123,47.599],[-3.132,47.478],[-3.201,47.64],[-3.118,47.732],[-3.193,47.746],[-3.224,47.656],[-3.358,47.697],[-3.283,47.691],[-3.358,47.711],[-3.283,47.787],[-3.446,47.705],[-4.132,47.924],[-4.185,47.813],[-4.372,47.807],[-4.435,47.976],[-4.728,48.041],[-4.285,48.115],[-4.379,48.232],[-4.557,48.177],[-4.626,48.287],[-4.547,48.347],[-4.187,48.308],[-4.454,48.335],[-4.29,48.432],[-4.768,48.345],[-4.765,48.52],[-4.564,48.63],[-3.974,48.733],[-3.852,48.63],[-3.81,48.733],[-3.585,48.683],[-3.515,48.842],[-3.214,48.87],[-3.221,48.794],[-3.104,48.877],[-3.125,48.76],[-3.018,48.827],[-2.682,48.509],[-2.316,48.699],[-2.33,48.63],[-2.214,48.582],[-2.052,48.65],[-1.98,48.514],[-2.029,48.643],[-1.946,48.699],[-1.844,48.712],[-1.796,48.616],[-1.357,48.643],[-1.554,48.747],[-1.603,48.849],[-1.508,49.034],[-1.594,49.029],[-1.61,49.216],[-1.548,49.225],[-1.816,49.384],[-1.885,49.531],[-1.84,49.62],[-1.935,49.724],[-1.607,49.65],[-1.263,49.696],[-1.228,49.624],[-1.306,49.558],[-1.123,49.345],[-0.94,49.392],[-0.219,49.28],[0.411,49.452],[0.493,49.494],[0.079,49.516],[0.186,49.703],[1.221,49.979],[1.521,50.215],[1.673,50.193],[1.542,50.278],[1.61,50.371],[1.555,50.405],[1.581,50.869],[2.522,51.088]],[[1.983,42.441],[1.986,42.441],[1.996,42.443],[1.999,42.444],[1.988,42.458],[1.978,42.475],[1.968,42.486],[1.957,42.482],[1.946,42.464],[1.948,42.451],[1.961,42.444],[1.983,42.441]]],[[[-60.81,14.462],[-60.871,14.408],[-60.869,14.476],[-61.07,14.467],[-61.106,14.517],[-60.996,14.565],[-61.16,14.667],[-61.219,14.847],[-60.879,14.777],[-60.939,14.675],[-60.81,14.462]]],[[[-61.194,15.932],[-61.275,15.874],[-61.332,15.932],[-61.268,16.009],[-61.194,15.932]]],[[[-60.989,16.346],[-61.04,16.314],[-61.069,16.302],[-61.092,16.305],[-61.079,16.312],[-61.039,16.344],[-61.015,16.354],[-60.989,16.346]]],[[[-61.552,16.286],[-61.566,16.034],[-61.695,15.949],[-61.797,16.312],[-61.738,16.365],[-61.552,16.286]]],[[[-61.544,16.285],[-61.463,16.513],[-61.366,16.349],[-61.164,16.253],[-61.462,16.202],[-61.544,16.285]]],[[[55.788,-21.103],[55.855,-21.157],[55.812,-21.343],[55.575,-21.368],[55.35,-21.271],[55.225,-21.03],[55.287,-20.912],[55.578,-20.875],[55.788,-21.103]]],[[[45.262,-12.763],[45.277,-12.747],[45.283,-12.743],[45.289,-12.76],[45.291,-12.774],[45.288,-12.788],[45.283,-12.805],[45.276,-12.805],[45.262,-12.763]]],[[[45.201,-12.723],[45.186,-12.969],[45.097,-12.982],[45.065,-12.893],[45.136,-12.904],[45.042,-12.698],[45.091,-12.647],[45.201,-12.723]]],[[[9.457,42.647],[9.482,42.62],[9.477,42.62],[9.477,42.619],[9.457,42.647]]],[[[8.566,42.209],[8.688,42.273],[8.549,42.377],[8.66,42.43],[8.709,42.579],[9.118,42.732],[9.292,42.675],[9.347,43.004],[9.464,42.99],[9.443,42.641],[9.528,42.564],[9.56,42.147],[9.403,41.953],[9.402,41.706],[9.292,41.626],[9.351,41.581],[9.223,41.373],[8.792,41.561],[8.923,41.695],[8.655,41.75],[8.805,41.907],[8.614,41.901],[8.586,41.969],[8.745,42.057],[8.566,42.209]]],[[[-1.219,45.944],[-1.227,45.82],[-1.405,46.053],[-1.219,45.944]]],[[[-1.281,46.156],[-1.286,46.16],[-1.291,46.161],[-1.336,46.167],[-1.433,46.211],[-1.489,46.203],[-1.504,46.208],[-1.545,46.24],[-1.556,46.246],[-1.556,46.252],[-1.498,46.262],[-1.48,46.259],[-1.473,46.255],[-1.468,46.25],[-1.467,46.244],[-1.474,46.238],[-1.498,46.245],[-1.508,46.246],[-1.491,46.224],[-1.464,46.225],[-1.435,46.234],[-1.411,46.238],[-1.411,46.231],[-1.425,46.231],[-1.425,46.224],[-1.409,46.218],[-1.308,46.207],[-1.285,46.196],[-1.266,46.181],[-1.254,46.162],[-1.263,46.162],[-1.271,46.16],[-1.281,46.156]]],[[[-2.337,46.732],[-2.298,46.72],[-2.28,46.71],[-2.269,46.697],[-2.291,46.704],[-2.371,46.704],[-2.383,46.723],[-2.375,46.732],[-2.357,46.734],[-2.337,46.732]]],[[[-2.2,46.985],[-2.19,46.977],[-2.156,46.965],[-2.145,46.957],[-2.14,46.943],[-2.138,46.923],[-2.143,46.91],[-2.159,46.916],[-2.174,46.939],[-2.195,46.962],[-2.22,46.974],[-2.247,46.964],[-2.263,46.98],[-2.279,47.018],[-2.296,47.033],[-2.239,47.035],[-2.22,47.033],[-2.2,47.024],[-2.197,47.013],[-2.201,47.0],[-2.2,46.985]]],[[[-3.115,47.331],[-3.223,47.312],[-3.262,47.383],[-3.115,47.331]]],[[[-5.05,48.479],[-5.048,48.477],[-5.046,48.474],[-5.043,48.472],[-5.037,48.473],[-5.037,48.465],[-5.088,48.447],[-5.106,48.445],[-5.106,48.451],[-5.102,48.452],[-5.095,48.451],[-5.092,48.451],[-5.098,48.461],[-5.107,48.463],[-5.133,48.458],[-5.133,48.465],[-5.092,48.481],[-5.069,48.485],[-5.05,48.479]]],[[[-61.625,15.871],[-61.621,15.868],[-61.616,15.86],[-61.619,15.852],[-61.628,15.847],[-61.638,15.853],[-61.635,15.866],[-61.625,15.871]]],[[[-61.566,15.878],[-61.566,15.877],[-61.565,15.874],[-61.571,15.87],[-61.582,15.862],[-61.593,15.858],[-61.596,15.863],[-61.59,15.868],[-61.585,15.871],[-61.58,15.881],[-61.574,15.883],[-61.568,15.881],[-61.566,15.878]]],[[[6.235,43.022],[6.242,43.026],[6.251,43.017],[6.252,43.003],[6.23,42.995],[6.216,42.99],[6.202,42.987],[6.19,42.99],[6.166,43.0],[6.165,43.005],[6.175,43.009],[6.203,43.008],[6.212,43.012],[6.215,43.015],[6.218,43.015],[6.221,43.015],[6.233,43.016],[6.235,43.022]]]]}},{"type":"Feature","properties":{"iso3":"CZE","name":"Czechia"},"geometry":{"type":"Polygon","coordinates":[[[14.81,50.858],[14.982,50.859],[14.961,50.993],[15.144,51.012],[15.27,50.953],[15.356,50.775],[15.792,50.743],[15.971,50.679],[15.982,50.604],[16.332,50.644],[16.426,50.568],[16.2,50.406],[16.344,50.37],[16.661,50.093],[17.015,50.218],[16.893,50.433],[17.43,50.24],[17.708,50.311],[17.748,50.218],[17.589,50.163],[17.633,50.106],[17.839,49.974],[18.032,50.003],[18.002,50.047],[18.292,49.908],[18.559,49.907],[18.618,49.714],[18.788,49.669],[18.833,49.51],[18.536,49.482],[18.161,49.259],[18.076,49.047],[17.727,48.863],[17.167,48.86],[16.945,48.604],[16.873,48.719],[16.52,48.806],[16.358,48.727],[16.085,48.743],[15.818,48.872],[15.004,49.01],[14.94,48.763],[14.8,48.777],[14.676,48.576],[14.458,48.643],[14.316,48.558],[14.041,48.601],[13.609,48.946],[13.427,48.96],[13.0,49.295],[12.644,49.429],[12.384,49.743],[12.524,49.905],[12.247,50.045],[12.076,50.315],[12.3,50.161],[12.51,50.389],[12.953,50.404],[13.01,50.493],[13.448,50.597],[13.557,50.707],[14.347,50.88],[14.382,50.921],[14.238,50.982],[14.288,51.037],[14.482,51.037],[14.7,50.816],[14.81,50.858]]]}},{"type":"Feature","properties":{"iso3":"DEU","name":"Germany"},"geometry":{"type":"MultiPolygon","coordinates":[[[[13.816,48.766],[13.717,48.522],[13.455,48.573],[13.406,48.377],[12.739,48.113],[12.991,47.847],[12.892,47.724],[13.072,47.659],[13.002,47.466],[12.779,47.555],[12.762,47.667],[12.497,47.629],[12.24,47.732],[12.174,47.605],[11.62,47.59],[11.237,47.394],[10.979,47.391],[10.859,47.531],[10.429,47.577],[10.428,47.396],[10.16,47.271],[10.209,47.372],[10.073,47.365],[9.946,47.541],[9.782,47.588],[9.613,47.522],[9.183,47.67],[8.882,47.656],[8.558,47.801],[8.391,47.665],[8.607,47.656],[8.574,47.592],[7.61,47.565],[7.66,47.597],[7.586,47.585],[7.512,47.707],[7.621,47.971],[7.579,48.114],[7.751,48.341],[7.81,48.615],[8.2,48.959],[7.635,49.038],[7.41,49.169],[7.274,49.105],[7.043,49.108],[6.925,49.206],[6.714,49.159],[6.512,49.425],[6.345,49.455],[6.503,49.796],[6.303,49.835],[6.096,50.049],[6.147,50.214],[6.375,50.315],[6.337,50.481],[6.169,50.522],[6.249,50.614],[5.973,50.782],[6.064,50.908],[5.858,51.019],[6.147,51.152],[6.057,51.212],[6.208,51.388],[6.193,51.509],[5.931,51.816],[6.156,51.842],[6.127,51.897],[6.345,51.821],[6.744,51.908],[6.812,51.973],[6.68,52.06],[7.026,52.231],[7.048,52.365],[6.973,52.451],[6.741,52.454],[6.672,52.542],[6.737,52.635],[7.018,52.626],[7.184,52.966],[7.195,53.245],[7.255,53.32],[7.367,53.303],[7.024,53.376],[7.051,53.513],[7.142,53.537],[7.087,53.587],[7.226,53.666],[8.031,53.708],[8.168,53.553],[8.077,53.469],[8.22,53.406],[8.315,53.475],[8.231,53.525],[8.271,53.613],[8.552,53.544],[8.504,53.358],[8.566,53.547],[8.486,53.7],[8.588,53.87],[9.211,53.872],[9.582,53.591],[9.832,53.544],[9.584,53.612],[9.395,53.831],[8.916,53.937],[8.833,54.036],[8.997,54.03],[9.018,54.098],[8.813,54.18],[8.963,54.318],[8.678,54.269],[8.6,54.338],[9.012,54.506],[8.689,54.735],[8.661,54.896],[9.244,54.802],[9.58,54.866],[9.824,54.757],[9.948,54.78],[10.018,54.701],[9.929,54.674],[10.034,54.673],[10.027,54.56],[9.84,54.475],[10.143,54.492],[10.204,54.461],[10.142,54.324],[10.318,54.443],[10.731,54.31],[11.136,54.386],[11.067,54.359],[11.067,54.184],[10.753,54.05],[10.902,53.961],[11.175,54.018],[11.458,53.906],[11.69,54.155],[12.088,54.194],[12.115,54.098],[12.109,54.183],[12.534,54.488],[12.921,54.433],[12.438,54.388],[12.363,54.31],[12.412,54.251],[12.541,54.372],[12.705,54.415],[12.855,54.358],[13.009,54.438],[13.115,54.28],[13.465,54.098],[13.712,54.174],[13.808,54.105],[13.746,54.036],[13.906,53.943],[13.817,53.853],[14.264,53.752],[14.213,53.708],[14.442,53.252],[14.343,53.049],[14.144,52.96],[14.124,52.851],[14.645,52.577],[14.545,52.382],[14.712,52.236],[14.686,52.121],[14.761,52.077],[14.586,51.804],[14.732,51.658],[14.71,51.53],[14.955,51.435],[15.022,51.237],[14.955,51.064],[14.759,50.81],[14.613,50.846],[14.629,50.921],[14.55,50.912],[14.574,50.975],[14.482,51.037],[14.288,51.037],[14.238,50.982],[14.382,50.921],[14.347,50.88],[13.557,50.707],[13.448,50.597],[13.01,50.493],[12.953,50.404],[12.51,50.389],[12.3,50.161],[12.076,50.315],[12.247,50.045],[12.524,49.905],[12.384,49.743],[12.644,49.429],[13.0,49.295],[13.179,49.118],[13.459,48.945],[13.609,48.946],[13.816,48.766]]],[[[14.21,53.938],[14.201,53.878],[13.84,53.85],[13.932,53.899],[13.904,53.995],[14.048,53.941],[14.051,54.005],[13.946,54.067],[13.774,54.023],[13.815,54.101],[13.753,54.153],[14.21,53.938]]],[[[6.798,53.604],[6.776,53.602],[6.741,53.593],[6.722,53.591],[6.722,53.585],[6.734,53.582],[6.742,53.578],[6.75,53.572],[6.757,53.563],[6.748,53.566],[6.735,53.575],[6.726,53.577],[6.716,53.576],[6.701,53.571],[6.695,53.57],[6.677,53.576],[6.663,53.587],[6.66,53.599],[6.671,53.604],[6.747,53.618],[6.785,53.62],[6.798,53.604]]],[[[6.874,53.673],[6.911,53.684],[7.047,53.694],[7.085,53.687],[6.874,53.673]]],[[[7.133,53.708],[7.179,53.724],[7.233,53.729],[7.346,53.728],[7.347,53.723],[7.345,53.722],[7.342,53.722],[7.296,53.711],[7.174,53.701],[7.133,53.708]]],[[[7.367,53.728],[7.383,53.735],[7.403,53.737],[7.423,53.734],[7.436,53.728],[7.432,53.724],[7.429,53.722],[7.421,53.721],[7.381,53.729],[7.367,53.728]]],[[[8.12,53.721],[8.133,53.734],[8.152,53.739],[8.175,53.737],[8.196,53.728],[8.182,53.728],[8.172,53.726],[8.156,53.716],[8.151,53.714],[8.142,53.716],[8.137,53.718],[8.131,53.718],[8.12,53.714],[8.12,53.721]]],[[[7.517,53.762],[7.607,53.763],[7.627,53.755],[7.627,53.751],[7.626,53.75],[7.623,53.75],[7.621,53.749],[7.548,53.75],[7.514,53.746],[7.511,53.728],[7.482,53.727],[7.473,53.732],[7.47,53.745],[7.475,53.757],[7.487,53.761],[7.517,53.762]]],[[[7.661,53.762],[7.686,53.781],[7.728,53.787],[7.813,53.783],[7.813,53.776],[7.799,53.776],[7.776,53.768],[7.748,53.761],[7.719,53.76],[7.695,53.77],[7.686,53.762],[7.677,53.758],[7.669,53.758],[7.661,53.762]]],[[[7.874,53.776],[7.855,53.785],[7.859,53.791],[7.877,53.795],[7.898,53.796],[7.914,53.795],[7.929,53.793],[7.956,53.783],[7.946,53.784],[7.935,53.783],[7.893,53.789],[7.875,53.788],[7.874,53.776]]],[[[11.376,53.982],[11.39,54.005],[11.427,54.023],[11.468,54.031],[11.498,54.023],[11.468,53.971],[11.458,53.961],[11.445,53.961],[11.445,53.968],[11.451,53.986],[11.447,53.997],[11.439,53.997],[11.433,53.989],[11.438,53.975],[11.423,53.968],[11.407,53.968],[11.391,53.974],[11.376,53.982]]],[[[11.528,54.075],[11.529,54.077],[11.534,54.085],[11.602,54.104],[11.616,54.112],[11.599,54.098],[11.553,54.073],[11.54,54.057],[11.534,54.057],[11.528,54.075]]],[[[8.963,54.524],[8.959,54.522],[8.956,54.519],[8.956,54.515],[8.957,54.509],[8.938,54.499],[8.926,54.487],[8.911,54.475],[8.888,54.468],[8.844,54.466],[8.824,54.471],[8.813,54.482],[8.824,54.486],[8.826,54.491],[8.821,54.497],[8.813,54.502],[8.844,54.52],[8.88,54.529],[8.919,54.53],[8.963,54.524]]],[[[11.256,54.479],[11.314,54.414],[11.006,54.468],[11.121,54.536],[11.256,54.479]]],[[[13.143,54.598],[13.119,54.586],[13.113,54.57],[13.112,54.551],[13.103,54.53],[13.095,54.524],[13.081,54.517],[13.075,54.509],[13.071,54.5],[13.07,54.49],[13.068,54.468],[13.061,54.468],[13.061,54.482],[13.064,54.505],[13.096,54.571],[13.102,54.596],[13.11,54.603],[13.126,54.606],[13.14,54.606],[13.151,54.605],[13.157,54.599],[13.157,54.588],[13.157,54.589],[13.154,54.591],[13.15,54.591],[13.15,54.578],[13.143,54.578],[13.143,54.598]]],[[[13.698,54.392],[13.766,54.345],[13.723,54.278],[13.617,54.318],[13.691,54.352],[13.5,54.345],[13.36,54.275],[13.407,54.228],[13.115,54.338],[13.267,54.386],[13.157,54.427],[13.273,54.482],[13.143,54.543],[13.298,54.52],[13.369,54.585],[13.349,54.524],[13.507,54.488],[13.521,54.571],[13.253,54.565],[13.293,54.642],[13.231,54.653],[13.391,54.688],[13.425,54.585],[13.671,54.566],[13.575,54.472],[13.698,54.392]]],[[[8.332,54.694],[8.382,54.639],[8.401,54.633],[8.388,54.626],[8.354,54.619],[8.33,54.631],[8.311,54.651],[8.292,54.667],[8.32,54.699],[8.338,54.71],[8.36,54.715],[8.361,54.71],[8.359,54.709],[8.356,54.709],[8.354,54.708],[8.342,54.701],[8.332,54.694]]],[[[8.498,54.756],[8.566,54.688],[8.395,54.715],[8.498,54.756]]],[[[8.36,54.948],[8.654,54.894],[8.337,54.878],[8.284,54.742],[8.298,54.913],[8.463,55.051],[8.36,54.948]]],[[[8.635,54.543],[8.701,54.548],[8.641,54.492],[8.635,54.543]]],[[[7.904,54.18],[7.899,54.178],[7.898,54.182],[7.894,54.183],[7.89,54.188],[7.886,54.191],[7.88,54.194],[7.895,54.195],[7.901,54.191],[7.904,54.18]]],[[[7.912,54.192],[7.93,54.195],[7.933,54.19],[7.918,54.187],[7.912,54.192]]]]}},{"type":"Feature","properties":{"iso3":"NOR","name":"Norway"},"geometry":{"type":"MultiPolygon","coordinates":[[[[20.623,69.036],[20.102,69.022],[20.341,68.91],[20.357,68.805],[20.237,68.659],[19.962,68.541],[20.246,68.477],[19.971,68.351],[18.436,68.574],[18.162,68.53],[18.189,68.199],[17.921,67.973],[17.321,68.105],[16.783,67.897],[16.587,67.626],[16.127,67.423],[16.438,67.2],[16.416,67.053],[15.426,66.491],[15.482,66.275],[15.053,66.153],[14.541,66.125],[14.649,65.802],[14.561,65.701],[14.514,65.318],[13.643,64.584],[14.097,64.465],[14.148,64.169],[13.964,64.01],[12.982,64.059],[12.682,63.956],[12.17,63.598],[12.22,63.474],[11.992,63.289],[12.223,63.001],[12.093,62.907],[12.156,62.734],[12.091,62.586],[12.314,62.286],[12.162,61.725],[12.888,61.35],[12.704,61.046],[12.253,61.002],[12.605,60.419],[12.492,60.312],[12.483,60.081],[12.144,59.898],[11.85,59.872],[11.892,59.706],[11.675,59.607],[11.812,59.25],[11.664,58.92],[11.452,58.896],[11.389,59.081],[11.182,59.116],[11.176,59.197],[11.032,59.128],[10.738,59.217],[10.779,59.313],[10.674,59.316],[10.592,59.431],[10.69,59.481],[10.56,59.726],[10.656,59.857],[10.718,59.738],[10.753,59.889],[10.689,59.912],[10.475,59.85],[10.615,59.608],[10.543,59.536],[10.437,59.518],[10.398,59.688],[10.224,59.724],[10.379,59.658],[10.381,59.535],[10.237,59.56],[10.478,59.43],[10.445,59.349],[10.514,59.303],[10.361,59.271],[10.307,59.06],[10.224,59.114],[10.207,59.016],[9.846,58.956],[9.782,59.051],[9.539,59.121],[9.727,59.015],[9.69,58.957],[9.299,58.882],[9.271,58.833],[9.45,58.833],[9.409,58.792],[9.071,58.741],[9.216,58.703],[9.059,58.683],[9.201,58.672],[8.913,58.607],[8.928,58.513],[8.123,58.102],[8.025,58.141],[8.08,58.162],[8.03,58.225],[7.956,58.093],[7.615,58.022],[7.25,58.059],[7.007,57.993],[7.147,58.1],[6.901,58.052],[6.804,58.1],[6.989,58.141],[6.778,58.182],[6.808,58.121],[6.731,58.12],[6.722,58.189],[6.688,58.121],[6.783,58.065],[6.619,58.068],[6.531,58.121],[6.846,58.271],[6.681,58.223],[6.687,58.327],[6.562,58.243],[6.01,58.385],[5.955,58.477],[5.646,58.549],[5.478,58.755],[5.573,58.894],[5.537,58.956],[5.626,58.926],[5.551,59.039],[5.716,58.977],[5.716,58.867],[5.854,58.965],[6.229,58.84],[6.065,58.885],[6.126,58.962],[6.626,59.053],[6.16,58.998],[6.034,58.905],[5.975,58.963],[6.051,58.998],[5.875,59.066],[6.126,59.148],[6.009,59.149],[6.171,59.261],[6.462,59.32],[6.154,59.268],[6.085,59.307],[6.227,59.33],[5.995,59.334],[6.042,59.384],[6.243,59.511],[6.544,59.56],[6.236,59.526],[6.286,59.649],[6.153,59.459],[5.924,59.356],[5.886,59.447],[6.153,59.477],[5.807,59.539],[5.798,59.463],[5.646,59.409],[5.784,59.429],[5.86,59.351],[5.612,59.293],[5.587,59.416],[5.505,59.278],[5.433,59.405],[5.399,59.297],[5.348,59.416],[5.297,59.345],[5.202,59.546],[5.344,59.648],[5.413,59.595],[5.489,59.738],[5.417,59.505],[5.516,59.539],[5.564,59.677],[5.754,59.61],[5.879,59.656],[5.746,59.676],[5.814,59.729],[6.292,59.84],[6.002,59.759],[5.934,59.779],[5.969,59.861],[5.832,59.772],[5.646,59.854],[6.291,60.122],[6.105,60.107],[6.075,60.198],[6.352,60.368],[6.64,60.416],[6.531,60.262],[6.524,60.081],[6.654,60.382],[7.106,60.506],[6.901,60.506],[6.988,60.59],[6.656,60.433],[6.592,60.444],[6.695,60.519],[6.297,60.389],[6.178,60.471],[6.241,60.388],[6.119,60.368],[6.189,60.355],[6.14,60.254],[5.996,60.265],[5.852,60.15],[5.856,60.024],[5.739,59.994],[5.689,60.061],[5.798,60.094],[5.721,60.084],[5.708,60.176],[5.791,60.211],[5.544,60.163],[5.708,60.232],[5.575,60.256],[5.737,60.392],[5.41,60.131],[5.304,60.191],[5.352,60.217],[5.223,60.211],[5.31,60.266],[5.171,60.279],[5.228,60.321],[5.141,60.351],[5.298,60.396],[5.237,60.474],[5.306,60.528],[5.654,60.431],[5.75,60.718],[5.664,60.704],[5.676,60.758],[5.527,60.629],[5.223,60.574],[5.085,60.663],[5.228,60.621],[5.126,60.724],[4.927,60.8],[5.434,60.629],[5.236,60.776],[5.537,60.876],[5.131,60.812],[4.982,60.951],[5.101,60.878],[5.14,60.992],[5.013,60.982],[5.016,61.047],[5.448,60.995],[5.527,61.075],[6.098,61.122],[6.373,61.012],[6.613,61.174],[6.956,61.088],[7.01,61.009],[6.874,60.937],[7.051,60.965],[7.13,60.927],[7.106,60.862],[7.161,60.951],[7.0,61.093],[7.436,61.101],[7.346,61.143],[7.427,61.186],[7.695,61.232],[7.388,61.198],[7.312,61.287],[7.572,61.485],[7.264,61.396],[7.309,61.364],[7.24,61.297],[7.36,61.191],[7.305,61.163],[6.953,61.112],[7.004,61.184],[6.558,61.225],[6.702,61.403],[6.501,61.268],[6.537,61.204],[6.465,61.208],[6.506,61.147],[6.434,61.115],[6.014,61.149],[5.961,61.163],[6.037,61.204],[5.424,61.08],[5.194,61.105],[5.228,61.143],[5.059,61.188],[5.25,61.184],[4.964,61.266],[5.202,61.343],[5.321,61.252],[5.256,61.348],[5.633,61.362],[5.058,61.323],[4.999,61.377],[5.112,61.431],[4.948,61.416],[5.804,61.458],[5.178,61.51],[5.14,61.554],[5.358,61.561],[5.146,61.595],[5.427,61.589],[4.968,61.636],[4.988,61.747],[5.168,61.726],[5.079,61.774],[5.395,61.911],[5.676,61.887],[5.743,61.848],[5.619,61.815],[5.941,61.845],[5.899,61.739],[5.992,61.835],[6.181,61.767],[6.058,61.835],[6.474,61.805],[6.819,61.876],[6.476,61.825],[5.796,61.857],[5.729,61.897],[5.961,61.917],[5.156,61.896],[5.099,61.917],[5.14,61.971],[5.4,62.02],[5.109,62.109],[5.085,62.191],[5.275,62.169],[5.462,62.007],[5.592,62.068],[5.391,62.123],[5.454,62.191],[5.75,62.089],[5.667,62.171],[5.906,62.191],[5.845,62.02],[5.955,62.14],[6.051,62.068],[6.367,62.061],[6.089,62.109],[5.926,62.225],[6.064,62.205],[5.978,62.28],[6.311,62.372],[6.55,62.171],[6.531,62.109],[6.581,62.16],[6.4,62.387],[6.565,62.356],[6.544,62.411],[6.709,62.452],[6.879,62.418],[6.989,62.273],[6.956,62.102],[7.188,62.102],[6.979,62.113],[7.028,62.266],[7.374,62.273],[6.957,62.325],[6.914,62.37],[6.976,62.377],[6.791,62.478],[6.243,62.451],[6.675,62.493],[6.263,62.527],[6.266,62.593],[6.613,62.561],[6.756,62.655],[6.918,62.575],[6.887,62.644],[7.092,62.651],[7.038,62.623],[7.127,62.534],[7.172,62.628],[7.542,62.504],[7.778,62.575],[7.463,62.575],[7.418,62.633],[7.52,62.585],[7.523,62.674],[8.147,62.692],[8.073,62.78],[7.385,62.688],[7.681,62.794],[6.97,62.726],[7.01,62.815],[7.216,62.815],[6.91,62.929],[7.238,63.015],[7.501,62.911],[7.974,62.977],[8.087,62.945],[8.154,62.815],[8.545,62.657],[8.544,62.721],[8.184,62.848],[8.147,62.951],[7.877,63.01],[8.087,63.11],[8.33,62.973],[8.329,62.881],[8.703,62.822],[8.416,62.959],[8.669,62.979],[8.374,62.973],[8.47,63.02],[8.239,63.025],[8.166,63.115],[8.641,63.11],[8.579,63.175],[8.943,63.212],[8.624,63.201],[8.476,63.294],[8.764,63.349],[8.672,63.421],[8.881,63.398],[9.018,63.467],[9.149,63.376],[9.093,63.294],[9.477,63.404],[9.218,63.372],[9.183,63.435],[9.484,63.483],[9.162,63.507],[9.573,63.541],[9.491,63.589],[9.699,63.644],[9.961,63.428],[9.857,63.325],[10.013,63.362],[10.259,63.267],[10.245,63.344],[10.056,63.373],[10.094,63.439],[10.908,63.456],[10.759,63.517],[10.923,63.602],[10.656,63.549],[10.72,63.604],[11.458,63.79],[11.415,63.85],[11.097,63.858],[11.487,64.007],[11.254,64.038],[11.362,64.117],[10.574,63.809],[10.935,63.898],[11.074,63.836],[10.91,63.731],[10.08,63.508],[9.918,63.515],[9.792,63.665],[10.101,63.768],[9.544,63.666],[9.553,63.726],[9.778,63.768],[9.546,63.774],[10.197,63.938],[9.943,63.918],[10.128,63.987],[9.936,63.959],[9.998,64.11],[10.192,64.101],[10.108,64.117],[10.17,64.199],[10.375,64.185],[10.259,64.246],[10.491,64.295],[10.471,64.357],[10.559,64.329],[10.505,64.37],[10.649,64.357],[10.497,64.429],[10.855,64.378],[10.656,64.452],[10.957,64.487],[10.957,64.603],[11.163,64.446],[11.342,64.432],[11.225,64.322],[11.41,64.452],[11.656,64.48],[11.461,64.511],[11.78,64.597],[11.517,64.573],[11.396,64.707],[11.842,64.795],[11.643,64.823],[11.787,64.836],[11.649,64.843],[11.745,64.884],[12.225,64.939],[11.912,64.949],[11.261,64.734],[11.43,64.816],[11.253,64.838],[11.697,64.912],[11.267,64.87],[11.979,65.069],[12.194,64.995],[12.193,65.05],[12.636,65.131],[12.931,65.312],[12.503,65.145],[12.369,65.152],[12.499,65.2],[12.355,65.227],[12.712,65.254],[12.245,65.234],[12.499,65.371],[12.692,65.33],[12.479,65.447],[12.712,65.371],[12.629,65.432],[12.78,65.46],[12.608,65.46],[12.657,65.481],[12.565,65.514],[12.574,65.59],[12.514,65.512],[12.534,65.583],[12.438,65.529],[12.355,65.604],[12.495,65.733],[12.787,65.638],[12.558,65.754],[12.718,65.789],[12.612,65.835],[12.682,65.927],[12.848,65.967],[13.176,65.856],[13.123,65.943],[12.924,65.994],[13.04,66.083],[12.67,66.063],[13.527,66.24],[13.577,66.219],[13.493,66.186],[13.582,66.186],[13.536,66.111],[13.822,66.147],[13.641,66.221],[13.973,66.238],[14.144,66.334],[13.04,66.18],[13.534,66.309],[13.311,66.374],[13.338,66.328],[13.227,66.297],[13.037,66.32],[13.0,66.357],[13.141,66.386],[13.103,66.454],[13.164,66.467],[12.972,66.522],[13.362,66.456],[13.26,66.522],[13.671,66.515],[13.459,66.564],[13.726,66.605],[13.239,66.548],[13.25,66.614],[13.403,66.625],[13.191,66.667],[13.547,66.638],[13.225,66.714],[13.693,66.691],[13.89,66.735],[13.575,66.714],[13.753,66.762],[13.542,66.803],[13.993,66.79],[13.544,66.922],[13.938,66.995],[13.89,66.954],[13.959,66.927],[14.06,67.061],[14.152,66.972],[14.272,67.06],[14.568,67.018],[14.267,67.084],[14.363,67.16],[14.743,67.118],[14.514,67.18],[14.604,67.204],[14.979,67.214],[14.891,67.153],[14.994,67.099],[14.932,67.153],[15.095,67.213],[15.501,67.07],[15.377,67.201],[15.74,67.173],[15.063,67.248],[15.165,67.31],[14.674,67.217],[14.617,67.214],[14.682,67.278],[14.328,67.242],[14.623,67.421],[14.825,67.378],[15.049,67.447],[14.727,67.489],[15.059,67.577],[15.159,67.536],[15.008,67.564],[15.01,67.487],[14.829,67.475],[15.176,67.521],[15.138,67.42],[15.429,67.483],[15.658,67.276],[15.529,67.467],[15.898,67.557],[15.239,67.529],[15.276,67.594],[15.466,67.577],[15.179,67.618],[15.301,67.72],[15.837,67.694],[15.631,67.762],[15.693,67.796],[15.411,67.796],[15.433,67.861],[15.182,67.715],[14.836,67.643],[14.727,67.659],[14.877,67.7],[14.793,67.729],[15.117,67.742],[14.773,67.816],[15.103,67.851],[14.85,67.845],[14.999,67.895],[15.192,67.886],[15.199,67.831],[15.483,67.918],[15.533,67.852],[15.752,67.952],[15.86,67.9],[16.063,68.009],[15.898,68.067],[15.282,68.037],[15.644,68.169],[15.737,68.103],[15.617,68.057],[15.844,68.096],[16.015,68.25],[16.104,68.16],[16.042,68.03],[16.485,67.798],[16.269,67.889],[16.207,68.003],[16.467,67.9],[16.334,68.002],[16.542,67.961],[16.389,68.059],[16.689,68.071],[16.289,68.091],[16.241,68.132],[16.473,68.153],[16.413,68.187],[16.59,68.167],[16.172,68.204],[16.356,68.239],[16.103,68.283],[16.296,68.304],[16.803,68.132],[16.567,68.276],[16.22,68.351],[17.127,68.373],[17.331,68.256],[17.334,68.167],[17.42,68.236],[17.223,68.34],[17.248,68.406],[17.872,68.393],[17.468,68.448],[17.547,68.53],[17.047,68.434],[17.092,68.481],[16.988,68.51],[16.669,68.438],[16.465,68.51],[16.621,68.534],[16.597,68.63],[16.961,68.705],[17.149,68.632],[17.101,68.691],[17.25,68.724],[17.679,68.66],[17.234,68.756],[17.461,68.815],[17.783,68.749],[17.468,68.831],[17.826,68.894],[17.426,68.899],[17.659,69.117],[18.152,69.154],[17.989,69.235],[18.158,69.46],[18.301,69.487],[18.365,69.392],[18.487,69.382],[18.502,69.235],[18.565,69.365],[18.692,69.263],[18.735,69.324],[19.013,69.287],[18.455,69.454],[18.498,69.522],[18.853,69.552],[19.014,69.397],[19.379,69.322],[19.178,69.253],[19.477,69.221],[19.43,69.342],[19.001,69.464],[19.069,69.533],[19.263,69.523],[19.229,69.568],[19.016,69.534],[18.944,69.615],[19.249,69.777],[19.784,69.804],[19.674,69.682],[19.727,69.642],[19.65,69.46],[19.53,69.4],[19.688,69.445],[19.743,69.613],[20.113,69.585],[19.858,69.627],[19.824,69.712],[19.989,69.839],[20.007,69.769],[20.168,69.942],[20.207,69.859],[20.293,69.971],[20.425,69.877],[20.319,69.682],[20.383,69.599],[19.948,69.263],[20.277,69.392],[20.482,69.578],[20.853,69.496],[20.492,69.627],[20.542,69.705],[20.482,69.763],[20.785,69.802],[20.792,69.88],[21.052,69.945],[20.894,69.853],[21.021,69.788],[21.17,69.876],[21.127,69.811],[21.179,69.819],[21.209,69.907],[21.326,69.907],[21.209,69.935],[21.29,70.021],[21.558,69.989],[22.061,69.733],[21.916,69.839],[22.018,69.845],[21.914,69.945],[22.052,69.938],[22.114,70.03],[21.798,70.037],[22.099,70.12],[21.719,70.061],[21.209,70.208],[21.439,70.269],[21.49,70.208],[21.553,70.321],[21.874,70.147],[21.806,70.257],[22.01,70.325],[22.117,70.233],[22.306,70.287],[22.275,70.135],[22.559,70.127],[22.326,70.168],[22.401,70.258],[22.967,70.207],[22.837,70.12],[22.285,70.044],[23.019,70.147],[23.02,70.038],[23.128,70.034],[23.094,69.955],[23.33,69.948],[23.539,70.024],[23.176,70.092],[23.402,70.14],[23.299,70.168],[23.422,70.195],[23.244,70.216],[23.532,70.244],[23.313,70.257],[23.614,70.305],[23.464,70.318],[23.513,70.366],[23.918,70.509],[24.35,70.456],[24.103,70.541],[24.352,70.691],[24.723,70.621],[24.656,70.709],[24.245,70.784],[24.396,70.867],[24.635,70.78],[24.613,70.859],[24.725,70.873],[24.608,70.894],[24.637,70.976],[24.82,70.908],[25.033,70.971],[24.916,70.873],[25.154,70.92],[25.246,70.791],[25.392,70.884],[25.365,70.976],[25.536,70.923],[25.442,70.841],[25.926,70.864],[25.101,70.523],[25.243,70.487],[25.06,70.49],[25.287,70.456],[25.257,70.386],[25.081,70.359],[25.209,70.317],[24.98,70.229],[24.943,70.102],[25.037,70.064],[25.012,70.134],[25.095,70.154],[25.114,70.082],[25.229,70.092],[25.54,70.298],[25.441,70.342],[26.614,70.949],[26.725,70.928],[26.691,70.736],[26.342,70.648],[26.657,70.641],[26.506,70.363],[26.812,70.48],[27.102,70.47],[26.976,70.527],[26.992,70.583],[27.267,70.585],[27.1,70.641],[27.157,70.681],[27.111,70.729],[27.329,70.743],[27.324,70.824],[27.63,70.805],[27.134,70.95],[27.349,70.942],[27.253,71.026],[27.554,70.955],[27.525,71.074],[27.65,71.127],[27.722,71.06],[28.191,71.086],[28.261,71.056],[28.205,70.983],[28.549,70.973],[28.363,70.825],[28.225,70.832],[28.266,70.795],[27.76,70.791],[28.131,70.736],[27.65,70.606],[28.301,70.703],[27.849,70.483],[27.884,70.428],[28.185,70.503],[28.052,70.46],[28.127,70.442],[28.335,70.518],[28.161,70.383],[28.167,70.135],[28.014,70.071],[28.184,70.116],[28.233,70.399],[28.39,70.493],[28.507,70.449],[28.555,70.511],[28.402,70.559],[28.62,70.678],[28.555,70.75],[28.795,70.873],[29.405,70.784],[29.295,70.744],[29.418,70.736],[29.306,70.653],[29.746,70.743],[29.782,70.689],[29.679,70.62],[30.07,70.716],[30.207,70.681],[30.097,70.648],[30.347,70.596],[30.001,70.538],[30.502,70.559],[30.787,70.421],[30.947,70.45],[31.077,70.284],[30.549,70.249],[30.159,70.071],[28.597,70.161],[29.158,70.009],[29.686,69.97],[29.364,69.86],[29.741,69.907],[29.775,69.839],[29.487,69.661],[30.03,69.776],[29.939,69.688],[30.071,69.74],[30.186,69.688],[30.111,69.756],[30.207,69.77],[30.165,69.88],[30.289,69.887],[30.403,69.831],[30.36,69.667],[30.444,69.678],[30.451,69.81],[30.841,69.806],[30.928,69.672],[30.898,69.544],[30.512,69.536],[30.119,69.635],[30.232,69.558],[30.123,69.442],[29.377,69.302],[29.221,69.098],[28.954,69.027],[28.828,69.091],[28.852,69.204],[29.345,69.464],[29.131,69.674],[28.405,69.802],[27.867,70.075],[27.1,69.902],[26.534,69.925],[25.969,69.663],[26.004,69.587],[25.887,69.521],[25.877,69.371],[25.737,69.218],[25.796,68.993],[25.628,68.874],[25.201,68.813],[25.132,68.648],[24.879,68.555],[23.929,68.816],[23.198,68.618],[22.409,68.713],[22.371,68.823],[21.639,69.271],[21.098,69.239],[21.034,69.181],[21.156,69.088],[21.072,69.037],[20.744,69.104],[20.623,69.036]]],[[[14.872,68.223],[14.796,68.246],[14.94,68.302],[14.872,68.223]]],[[[14.199,68.315],[14.268,68.283],[14.201,68.249],[14.04,68.313],[14.199,68.315]]],[[[14.028,68.263],[14.159,68.255],[14.111,68.207],[13.774,68.16],[13.826,68.107],[13.457,68.071],[13.589,68.16],[13.479,68.132],[13.479,68.187],[13.616,68.227],[13.5,68.242],[13.637,68.294],[13.983,68.337],[14.028,68.263]]],[[[14.763,68.495],[14.604,68.559],[14.669,68.587],[15.0,68.555],[14.763,68.495]]],[[[5.277,59.299],[5.297,59.169],[5.209,59.143],[5.186,59.415],[5.277,59.299]]],[[[5.307,59.759],[5.291,59.684],[5.289,59.75],[5.194,59.745],[5.153,59.592],[5.117,59.686],[5.188,59.759],[5.071,59.783],[5.154,59.875],[5.307,59.759]]],[[[5.489,59.861],[5.482,59.788],[5.363,59.764],[5.25,59.909],[5.326,59.977],[5.489,59.861]]],[[[5.619,60.074],[5.64,59.916],[5.508,59.899],[5.362,59.995],[5.619,60.074]]],[[[5.112,60.201],[4.948,60.259],[5.037,60.313],[4.949,60.439],[5.094,60.32],[5.112,60.201]]],[[[4.978,60.524],[5.204,60.432],[5.125,60.402],[4.978,60.524]]],[[[5.688,60.677],[5.681,60.482],[5.609,60.444],[5.324,60.547],[5.688,60.677]]],[[[4.961,61.177],[4.985,61.105],[4.803,61.047],[4.845,61.197],[4.895,61.137],[4.961,61.177]]],[[[4.865,61.889],[5.223,61.848],[4.916,61.781],[4.803,61.842],[4.865,61.889]]],[[[5.736,62.28],[5.801,62.277],[5.778,62.207],[5.502,62.226],[5.736,62.28]]],[[[5.989,62.396],[6.079,62.342],[5.811,62.246],[5.816,62.386],[5.989,62.396]]],[[[6.263,62.424],[6.303,62.425],[6.321,62.423],[6.333,62.411],[6.328,62.411],[6.325,62.409],[6.322,62.407],[6.318,62.404],[6.165,62.397],[6.091,62.402],[6.023,62.437],[6.202,62.445],[6.217,62.441],[6.263,62.424]]],[[[6.853,62.746],[6.914,62.698],[6.647,62.678],[6.853,62.746]]],[[[6.832,62.842],[6.942,62.826],[6.887,62.775],[6.77,62.817],[6.832,62.842]]],[[[7.778,63.082],[7.915,63.082],[7.778,63.02],[7.681,63.055],[7.778,63.082]]],[[[7.64,63.055],[7.706,63.007],[7.527,62.946],[7.367,62.997],[7.436,63.02],[7.401,63.061],[7.565,63.02],[7.585,63.117],[7.64,63.055]]],[[[8.113,63.239],[8.188,63.157],[7.928,63.178],[8.113,63.239]]],[[[8.484,63.247],[8.566,63.178],[8.423,63.161],[8.264,63.233],[8.484,63.247]]],[[[7.915,63.342],[7.778,63.411],[8.004,63.473],[8.182,63.39],[7.915,63.342]]],[[[9.139,63.568],[8.504,63.434],[8.278,63.467],[8.788,63.64],[8.965,63.656],[9.139,63.568]]],[[[8.36,63.671],[8.737,63.809],[8.826,63.734],[8.36,63.671]]],[[[11.286,64.559],[11.426,64.54],[11.417,64.473],[11.18,64.507],[11.129,64.556],[11.192,64.596],[11.037,64.614],[11.286,64.559]]],[[[11.091,64.902],[10.827,64.85],[11.101,64.953],[11.266,64.899],[11.132,64.839],[11.046,64.85],[11.091,64.902]]],[[[10.841,64.877],[10.711,64.864],[10.766,64.918],[11.115,64.973],[10.841,64.877]]],[[[12.225,65.124],[12.3,65.097],[12.157,65.055],[11.979,65.083],[12.167,65.211],[12.272,65.165],[12.225,65.124]]],[[[12.451,65.426],[12.492,65.388],[12.053,65.22],[12.211,65.378],[12.161,65.396],[12.328,65.467],[12.197,65.474],[12.259,65.575],[12.451,65.426]]],[[[12.005,65.69],[11.917,65.59],[11.759,65.618],[11.824,65.693],[12.005,65.69]]],[[[12.698,65.998],[12.89,66.001],[12.369,65.892],[12.491,65.991],[12.698,65.998]]],[[[12.574,66.076],[12.294,66.015],[12.574,66.159],[12.431,66.166],[12.551,66.22],[12.612,66.157],[12.547,66.131],[12.657,66.104],[12.574,66.076]]],[[[14.274,67.166],[14.192,67.004],[13.993,67.078],[14.274,67.166]]],[[[13.055,68.098],[13.157,68.085],[13.05,68.025],[13.124,67.944],[12.977,67.969],[13.014,67.879],[12.787,67.81],[13.055,68.098]]],[[[13.281,68.129],[13.438,68.126],[13.366,68.013],[13.166,68.015],[13.239,68.092],[13.328,68.063],[13.281,68.129]]],[[[15.0,68.365],[14.198,68.153],[14.356,68.242],[14.253,68.25],[14.328,68.263],[14.303,68.312],[14.496,68.306],[14.384,68.373],[14.761,68.434],[14.822,68.41],[14.784,68.354],[15.172,68.454],[15.0,68.365]]],[[[16.423,68.492],[16.399,68.413],[16.095,68.398],[16.222,68.524],[16.423,68.492]]],[[[17.053,68.818],[17.146,68.77],[16.817,68.736],[17.001,68.859],[17.053,68.818]]],[[[17.206,68.893],[17.44,68.866],[17.224,68.793],[17.084,68.914],[17.206,68.893]]],[[[16.529,68.722],[16.498,68.554],[16.106,68.539],[15.941,68.38],[15.876,68.369],[15.871,68.495],[15.638,68.304],[15.338,68.332],[15.611,68.475],[15.542,68.51],[14.987,68.269],[15.193,68.435],[15.357,68.461],[15.241,68.475],[15.337,68.489],[15.217,68.557],[15.631,68.612],[15.439,68.708],[15.714,68.701],[15.456,68.769],[15.638,68.825],[15.549,68.852],[15.645,68.955],[15.907,68.959],[15.871,68.79],[15.761,68.736],[15.99,68.763],[15.774,68.633],[15.74,68.53],[15.978,68.672],[16.083,68.639],[16.033,68.711],[16.213,68.736],[16.097,68.831],[16.284,68.84],[16.255,68.903],[16.556,68.825],[16.494,68.79],[16.529,68.722]]],[[[16.566,68.968],[16.587,68.897],[16.476,68.886],[16.262,68.968],[16.566,68.968]]],[[[14.397,68.66],[14.542,68.736],[14.438,68.756],[14.488,68.795],[14.624,68.736],[14.628,68.83],[14.687,68.757],[14.907,68.76],[14.953,68.866],[15.006,68.794],[15.05,68.853],[15.159,68.818],[15.009,68.963],[15.084,69.011],[15.241,68.914],[15.185,68.886],[15.295,68.907],[15.241,68.825],[15.384,68.852],[15.275,68.797],[15.394,68.731],[15.375,68.67],[15.063,68.579],[14.816,68.638],[15.165,68.701],[15.151,68.756],[14.679,68.708],[14.521,68.609],[14.397,68.66]]],[[[15.529,68.914],[15.431,68.884],[15.425,68.962],[15.57,69.106],[16.15,69.291],[16.076,69.154],[15.848,69.029],[15.529,69.009],[15.529,68.914]]],[[[18.071,69.438],[18.091,69.358],[17.923,69.332],[17.967,69.263],[17.879,69.249],[17.988,69.187],[17.472,69.2],[17.129,69.012],[17.042,69.017],[17.11,69.085],[16.773,69.088],[17.172,69.201],[16.899,69.195],[17.146,69.256],[16.906,69.298],[17.132,69.311],[16.879,69.359],[16.927,69.394],[17.399,69.366],[17.282,69.414],[17.496,69.428],[17.187,69.503],[17.316,69.462],[17.392,69.482],[17.343,69.538],[17.645,69.462],[17.468,69.6],[17.658,69.508],[17.659,69.6],[17.753,69.541],[17.859,69.587],[17.831,69.448],[17.944,69.523],[18.051,69.496],[17.941,69.428],[18.071,69.438]]],[[[18.999,69.829],[19.057,69.763],[18.803,69.682],[18.836,69.604],[18.769,69.572],[18.194,69.531],[17.995,69.592],[18.4,69.641],[18.214,69.714],[18.633,69.702],[18.352,69.73],[18.382,69.798],[18.502,69.75],[18.653,69.804],[18.663,69.713],[18.762,69.688],[18.79,69.784],[18.679,69.886],[18.999,69.829]]],[[[21.668,69.948],[21.685,69.953],[21.702,69.955],[21.719,69.953],[21.736,69.948],[21.73,69.938],[21.72,69.934],[21.708,69.932],[21.696,69.928],[21.686,69.93],[21.678,69.934],[21.672,69.94],[21.668,69.948]]],[[[19.9,70.017],[19.92,70.024],[19.948,70.027],[19.976,70.024],[19.996,70.017],[19.95,70.01],[19.916,70.011],[19.908,70.014],[19.9,70.017]]],[[[20.959,70.003],[21.099,70.01],[20.892,69.938],[20.761,70.0],[20.959,70.003]]],[[[21.041,70.061],[21.047,70.039],[21.02,70.028],[20.955,70.024],[20.966,70.035],[20.992,70.051],[21.021,70.064],[21.041,70.061]]],[[[19.619,70.017],[19.683,69.986],[19.375,69.823],[19.122,69.788],[18.729,69.948],[19.208,70.099],[19.393,69.992],[19.619,70.017]]],[[[20.792,70.092],[20.603,70.044],[20.592,70.106],[20.39,70.103],[20.438,70.187],[20.734,70.237],[20.824,70.21],[20.792,70.092]]],[[[19.982,70.147],[20.154,70.113],[19.776,70.067],[19.537,70.25],[19.678,70.29],[19.982,70.147]]],[[[22.922,70.305],[23.001,70.249],[22.732,70.257],[22.374,70.332],[22.675,70.399],[22.922,70.305]]],[[[23.656,70.503],[23.593,70.415],[23.216,70.283],[23.082,70.302],[23.135,70.415],[23.039,70.341],[22.854,70.408],[23.176,70.548],[23.279,70.477],[23.308,70.55],[23.539,70.545],[23.391,70.618],[23.573,70.613],[23.656,70.503]]],[[[24.067,70.661],[24.102,70.589],[23.804,70.513],[23.642,70.6],[23.69,70.668],[23.636,70.692],[23.816,70.751],[24.067,70.661]]],[[[22.422,70.511],[22.286,70.542],[22.154,70.472],[22.333,70.613],[22.041,70.594],[21.987,70.663],[22.415,70.626],[22.385,70.709],[22.541,70.717],[22.725,70.604],[22.826,70.648],[22.723,70.748],[22.969,70.661],[23.182,70.736],[23.066,70.812],[23.329,70.779],[23.343,70.866],[23.484,70.799],[23.159,70.694],[23.089,70.586],[22.422,70.511]]],[[[24.073,70.963],[24.245,70.956],[24.023,70.917],[23.909,70.956],[24.039,70.976],[23.886,70.996],[24.087,71.024],[24.225,70.997],[24.073,70.963]]],[[[26.136,71.038],[26.207,71.013],[26.073,70.975],[25.553,70.928],[25.416,70.983],[25.561,71.017],[25.292,71.028],[25.472,71.103],[25.719,71.052],[25.553,71.141],[25.653,71.165],[26.03,71.117],[25.89,71.052],[25.956,71.002],[26.136,71.038]]],[[[12.875,66.286],[12.825,66.216],[12.7,66.243],[12.875,66.286]]],[[[12.941,66.46],[12.899,66.355],[12.801,66.385],[12.941,66.46]]],[[[15.296,67.945],[14.961,67.942],[15.106,68.001],[15.296,67.945]]],[[[15.93,68.008],[15.933,68.004],[15.934,67.997],[15.925,67.993],[15.884,67.984],[15.841,67.984],[15.786,67.993],[15.729,68.012],[15.706,68.012],[15.679,67.994],[15.661,67.989],[15.652,67.987],[15.617,67.985],[15.523,67.99],[15.51,67.993],[15.504,67.995],[15.496,67.997],[15.482,68.003],[15.483,68.006],[15.495,68.006],[15.508,68.008],[15.522,68.016],[15.536,68.021],[15.574,68.026],[15.86,68.027],[15.892,68.019],[15.919,68.014],[15.93,68.008]]],[[[15.166,67.987],[15.23,68.037],[15.287,67.977],[15.166,67.987]]],[[[14.997,68.902],[14.988,68.885],[14.958,68.875],[14.901,68.872],[14.892,68.873],[14.859,68.883],[14.844,68.885],[14.84,68.892],[14.855,68.907],[14.854,68.913],[14.852,68.919],[14.857,68.923],[14.873,68.929],[14.9,68.931],[14.959,68.926],[14.983,68.918],[14.997,68.902]]],[[[20.703,69.889],[20.707,69.817],[20.527,69.821],[20.563,69.896],[20.703,69.889]]],[[[30.021,69.832],[29.713,69.763],[29.842,69.909],[30.021,69.832]]],[[[19.813,70.003],[19.856,69.973],[19.721,69.865],[19.434,69.841],[19.813,70.003]]],[[[18.667,70.028],[18.721,70.116],[18.976,70.074],[18.667,70.028]]],[[[20.894,70.08],[20.862,70.069],[20.826,70.073],[20.808,70.081],[20.799,70.093],[20.793,70.119],[20.807,70.141],[20.832,70.151],[20.857,70.145],[20.915,70.108],[20.915,70.096],[20.894,70.08]]],[[[19.539,70.094],[19.491,70.094],[19.417,70.104],[19.359,70.113],[19.343,70.118],[19.335,70.128],[19.341,70.14],[19.367,70.154],[19.408,70.162],[19.447,70.155],[19.552,70.121],[19.573,70.112],[19.569,70.101],[19.55,70.095],[19.539,70.094]]],[[[19.242,70.201],[19.174,70.115],[18.996,70.152],[19.168,70.255],[19.242,70.201]]],[[[21.738,70.378],[21.794,70.323],[21.703,70.262],[21.738,70.378]]],[[[-7.963,71.175],[-8.006,71.033],[-8.62,70.958],[-8.987,70.811],[-9.117,70.875],[-8.517,71.014],[-8.326,71.148],[-7.963,71.175]]],[[[19.16,74.526],[19.285,74.448],[19.074,74.347],[18.79,74.478],[19.16,74.526]]],[[[25.478,76.712],[25.581,76.698],[24.943,76.445],[25.478,76.712]]],[[[24.425,77.826],[23.893,77.508],[23.354,77.377],[23.235,77.264],[22.42,77.269],[22.505,77.336],[22.422,77.431],[22.778,77.555],[21.093,77.439],[20.865,77.456],[20.93,77.502],[20.832,77.541],[21.216,77.61],[21.261,77.733],[21.662,77.918],[20.877,78.099],[21.697,78.211],[22.966,78.256],[23.47,78.158],[23.105,78.088],[23.055,78.037],[23.12,77.986],[23.628,77.87],[24.305,77.912],[24.425,77.826]]],[[[21.024,78.219],[20.647,78.194],[20.792,78.274],[20.469,78.315],[20.661,78.391],[20.154,78.475],[21.304,78.628],[21.499,78.568],[22.085,78.595],[22.235,78.488],[22.271,78.268],[21.024,78.219]]],[[[27.021,78.699],[26.738,78.626],[26.396,78.775],[26.615,78.809],[27.021,78.699]]],[[[12.143,78.237],[11.892,78.234],[11.848,78.308],[11.344,78.449],[11.122,78.439],[10.807,78.686],[10.525,78.788],[10.567,78.843],[10.484,78.891],[11.0,78.834],[11.184,78.734],[11.06,78.693],[11.273,78.61],[11.259,78.528],[11.872,78.448],[12.143,78.237]]],[[[29.439,78.905],[29.707,78.898],[29.335,78.85],[28.87,78.912],[27.842,78.843],[28.419,78.967],[29.439,78.905]]],[[[30.07,79.008],[30.309,79.008],[30.316,79.006],[30.324,79.002],[30.337,78.994],[30.311,78.986],[30.275,78.981],[30.207,78.98],[30.22,78.973],[30.184,78.967],[30.136,78.969],[30.092,78.982],[30.07,79.008]]],[[[20.099,79.124],[20.832,79.055],[20.358,78.995],[20.044,79.041],[20.135,79.061],[20.099,79.124]]],[[[20.058,79.377],[20.144,79.336],[19.702,79.337],[19.626,79.392],[20.058,79.377]]],[[[11.032,79.707],[11.074,79.666],[10.822,79.651],[10.711,79.721],[11.032,79.707]]],[[[10.717,79.742],[10.684,79.744],[10.654,79.751],[10.646,79.761],[10.677,79.775],[10.713,79.782],[10.869,79.779],[11.012,79.742],[10.984,79.731],[10.717,79.742]]],[[[20.209,78.638],[19.763,78.624],[19.583,78.581],[19.681,78.515],[18.962,78.452],[19.066,78.378],[18.954,78.282],[19.085,78.23],[18.921,78.179],[19.098,78.103],[18.406,78.021],[18.502,77.98],[18.33,77.905],[18.455,77.774],[18.3,77.52],[17.625,77.446],[17.337,77.047],[17.097,77.055],[17.324,76.979],[16.919,76.794],[17.192,76.697],[16.81,76.567],[16.431,76.622],[16.344,76.572],[16.284,76.708],[15.501,76.877],[16.529,77.0],[16.243,76.995],[16.029,77.085],[15.858,77.069],[15.887,77.016],[15.346,77.009],[15.04,77.135],[14.448,77.181],[13.974,77.41],[14.055,77.453],[13.911,77.534],[14.44,77.586],[14.596,77.534],[14.548,77.492],[14.711,77.494],[15.042,77.567],[15.853,77.532],[16.2,77.438],[16.271,77.487],[15.846,77.579],[14.74,77.664],[16.333,77.798],[17.106,77.775],[16.789,77.877],[17.008,77.939],[13.957,77.72],[13.737,77.75],[13.822,77.801],[13.651,77.85],[13.671,77.994],[13.589,78.056],[13.958,78.096],[14.33,77.964],[14.233,78.093],[15.72,78.219],[15.59,78.289],[15.795,78.343],[16.937,78.352],[17.296,78.433],[16.851,78.385],[16.33,78.452],[16.827,78.648],[16.554,78.719],[16.002,78.483],[15.439,78.458],[15.193,78.59],[15.465,78.655],[15.499,78.726],[15.425,78.788],[15.487,78.809],[15.382,78.851],[15.199,78.74],[15.261,78.665],[14.983,78.597],[14.801,78.644],[14.815,78.734],[14.446,78.678],[14.59,78.555],[14.384,78.501],[14.734,78.391],[14.31,78.392],[14.246,78.364],[14.322,78.308],[14.076,78.243],[13.746,78.268],[13.856,78.213],[13.01,78.204],[12.886,78.348],[12.363,78.487],[13.198,78.542],[12.43,78.544],[11.904,78.638],[11.643,78.747],[11.902,78.844],[11.346,78.954],[12.507,78.912],[12.424,78.997],[12.065,78.974],[11.684,79.069],[12.136,79.213],[12.06,79.241],[12.115,79.302],[11.835,79.296],[11.917,79.241],[11.853,79.226],[11.595,79.31],[11.553,79.282],[11.7,79.168],[11.228,79.101],[11.141,79.237],[10.841,79.371],[10.916,79.385],[10.855,79.411],[10.9,79.471],[10.677,79.542],[11.184,79.563],[10.855,79.597],[11.014,79.65],[11.458,79.632],[11.214,79.708],[11.227,79.788],[11.822,79.845],[12.047,79.693],[12.297,79.665],[12.35,79.717],[12.204,79.755],[12.204,79.837],[12.451,79.824],[12.537,79.746],[13.797,79.882],[13.95,79.837],[13.897,79.738],[13.014,79.693],[12.451,79.569],[13.452,79.592],[13.26,79.474],[13.617,79.481],[14.042,79.266],[14.158,79.343],[13.883,79.542],[14.281,79.617],[14.144,79.632],[14.549,79.811],[15.295,79.604],[15.497,79.33],[15.773,79.242],[15.682,79.112],[15.882,79.161],[16.435,78.911],[16.46,78.967],[16.151,79.234],[15.959,79.31],[15.853,79.529],[15.918,79.563],[15.686,79.701],[15.642,79.832],[16.138,79.871],[15.96,79.939],[16.022,80.015],[16.542,80.048],[16.82,79.876],[16.965,79.963],[17.27,79.946],[18.098,79.727],[17.591,79.549],[17.783,79.494],[17.653,79.369],[17.881,79.401],[18.106,79.588],[18.347,79.63],[18.882,79.441],[18.879,79.316],[18.592,79.261],[18.845,79.254],[18.945,79.157],[19.786,79.165],[19.906,79.014],[21.541,78.847],[21.552,78.775],[21.362,78.655],[20.209,78.638]]],[[[33.099,80.228],[33.596,80.203],[32.831,80.133],[31.477,80.104],[33.099,80.228]]],[[[18.296,80.276],[18.119,80.29],[18.317,80.364],[18.756,80.303],[18.296,80.276]]],[[[24.169,80.446],[24.382,80.392],[24.167,80.383],[24.169,80.446]]],[[[24.292,80.488],[24.26,80.473],[24.217,80.47],[24.011,80.483],[23.978,80.495],[23.994,80.502],[24.016,80.506],[24.04,80.509],[24.059,80.508],[24.114,80.512],[24.175,80.512],[24.234,80.504],[24.292,80.488]]],[[[27.171,80.073],[27.102,79.974],[27.207,79.874],[25.826,79.626],[25.969,79.515],[25.829,79.442],[25.183,79.336],[24.288,79.31],[24.053,79.189],[22.926,79.223],[22.642,79.318],[22.895,79.42],[20.817,79.378],[20.73,79.459],[19.685,79.554],[19.633,79.611],[20.208,79.645],[21.155,79.569],[20.476,79.686],[21.85,79.707],[22.287,79.806],[18.784,79.723],[18.112,79.906],[18.79,79.974],[18.934,80.056],[18.375,80.039],[17.783,80.138],[18.7,80.207],[19.331,80.091],[19.585,80.152],[19.224,80.198],[18.982,80.344],[19.852,80.221],[19.715,80.248],[19.838,80.29],[19.771,80.323],[19.859,80.344],[19.771,80.351],[19.914,80.385],[19.469,80.409],[19.5,80.472],[19.674,80.44],[19.657,80.505],[20.037,80.468],[20.105,80.378],[20.39,80.423],[20.592,80.303],[20.839,80.31],[20.749,80.269],[20.853,80.214],[21.847,80.272],[21.898,80.213],[21.6,80.125],[22.065,80.111],[22.283,79.983],[22.477,80.015],[22.347,80.07],[22.463,80.07],[22.374,80.111],[22.449,80.262],[22.576,80.299],[22.338,80.384],[22.682,80.427],[22.613,80.358],[22.75,80.33],[22.696,80.358],[22.833,80.413],[22.782,80.517],[23.361,80.433],[23.121,80.392],[23.354,80.338],[23.055,80.248],[23.007,80.162],[23.122,80.118],[23.23,80.125],[23.087,80.172],[23.24,80.195],[23.399,80.143],[23.47,80.213],[23.568,80.133],[23.805,80.185],[23.717,80.262],[23.765,80.309],[24.336,80.286],[24.402,80.323],[24.149,80.351],[24.26,80.376],[24.601,80.317],[24.471,80.295],[24.521,80.256],[24.83,80.356],[24.889,80.323],[24.78,80.248],[25.355,80.282],[25.27,80.233],[25.744,80.226],[25.704,80.172],[26.807,80.174],[27.171,80.073]]],[[[19.907,80.488],[19.882,80.49],[19.859,80.496],[19.852,80.505],[19.871,80.517],[19.959,80.54],[20.026,80.542],[20.063,80.538],[20.1,80.528],[20.134,80.515],[20.105,80.507],[20.045,80.502],[19.987,80.489],[19.907,80.488]]],[[[20.757,80.625],[20.725,80.628],[20.667,80.642],[20.53,80.659],[20.496,80.66],[20.518,80.666],[20.792,80.66],[20.786,80.648],[20.776,80.641],[20.764,80.638],[20.75,80.639],[20.753,80.635],[20.757,80.625]]],[[[21.174,80.66],[21.138,80.656],[21.09,80.657],[21.046,80.668],[21.024,80.694],[21.061,80.693],[21.215,80.711],[21.333,80.707],[21.333,80.702],[21.332,80.701],[21.329,80.701],[21.326,80.7],[21.337,80.698],[21.348,80.693],[21.358,80.687],[21.367,80.68],[21.174,80.66]]],[[[20.633,80.735],[20.561,80.74],[20.528,80.747],[20.518,80.769],[20.622,80.77],[20.654,80.762],[20.694,80.745],[20.718,80.738],[20.838,80.723],[20.97,80.722],[21.003,80.714],[20.994,80.703],[20.978,80.697],[20.897,80.694],[20.888,80.692],[20.874,80.683],[20.867,80.68],[20.822,80.68],[20.812,80.682],[20.809,80.686],[20.808,80.69],[20.805,80.694],[20.803,80.697],[20.805,80.702],[20.806,80.706],[20.798,80.707],[20.776,80.708],[20.755,80.712],[20.738,80.713],[20.695,80.705],[20.675,80.707],[20.664,80.713],[20.647,80.728],[20.633,80.735]]],[[[3.457,-54.39],[3.478,-54.397],[3.487,-54.402],[3.485,-54.411],[3.479,-54.419],[3.472,-54.436],[3.468,-54.441],[3.442,-54.448],[3.383,-54.449],[3.365,-54.462],[3.361,-54.458],[3.358,-54.457],[3.355,-54.457],[3.351,-54.456],[3.346,-54.419],[3.377,-54.391],[3.422,-54.38],[3.457,-54.39]]],[[[11.07,59.079],[11.076,59.08],[11.083,59.077],[11.082,59.068],[11.076,59.059],[11.065,59.051],[11.052,59.046],[11.05,59.042],[11.055,59.036],[11.046,59.027],[11.031,59.021],[11.018,59.019],[11.014,59.022],[11.012,59.025],[11.009,59.029],[11.001,59.03],[10.991,59.034],[10.992,59.047],[10.993,59.062],[10.993,59.077],[11.003,59.086],[11.021,59.091],[11.034,59.089],[11.04,59.081],[11.04,59.074],[11.048,59.073],[11.07,59.075],[11.07,59.078],[11.07,59.079]]],[[[10.91,59.116],[10.914,59.112],[10.914,59.101],[10.907,59.091],[10.884,59.072],[10.877,59.071],[10.875,59.076],[10.87,59.077],[10.856,59.074],[10.846,59.076],[10.842,59.08],[10.838,59.086],[10.829,59.099],[10.833,59.104],[10.843,59.11],[10.855,59.115],[10.865,59.117],[10.868,59.113],[10.865,59.109],[10.859,59.106],[10.856,59.102],[10.857,59.099],[10.872,59.107],[10.898,59.116],[10.91,59.116]]],[[[5.29,60.074],[5.269,59.995],[5.172,60.049],[5.247,60.051],[5.205,60.117],[5.29,60.074]]],[[[4.922,60.867],[4.928,60.864],[4.929,60.861],[4.929,60.859],[4.925,60.856],[4.918,60.855],[4.898,60.858],[4.879,60.865],[4.872,60.875],[4.872,60.884],[4.868,60.888],[4.865,60.886],[4.861,60.885],[4.845,60.89],[4.835,60.895],[4.831,60.902],[4.833,60.908],[4.831,60.914],[4.825,60.92],[4.821,60.919],[4.817,60.912],[4.81,60.912],[4.8,60.917],[4.791,60.918],[4.784,60.917],[4.782,60.918],[4.784,60.92],[4.782,60.924],[4.777,60.93],[4.782,60.935],[4.795,60.939],[4.837,60.943],[4.843,60.939],[4.837,60.933],[4.825,60.93],[4.826,60.929],[4.856,60.933],[4.871,60.933],[4.883,60.93],[4.884,60.926],[4.877,60.926],[4.871,60.924],[4.874,60.918],[4.885,60.914],[4.897,60.907],[4.923,60.878],[4.924,60.871],[4.92,60.868],[4.922,60.867]]],[[[4.721,61.04],[4.707,60.989],[4.644,61.058],[4.721,61.04]]],[[[5.12,62.026],[5.095,61.927],[4.984,62.009],[5.12,62.026]]],[[[5.636,62.319],[5.614,62.325],[5.603,62.329],[5.61,62.334],[5.63,62.342],[5.654,62.345],[5.673,62.344],[5.68,62.347],[5.679,62.355],[5.685,62.362],[5.697,62.365],[5.716,62.365],[5.72,62.363],[5.722,62.36],[5.73,62.362],[5.741,62.361],[5.742,62.35],[5.735,62.338],[5.734,62.333],[5.739,62.332],[5.729,62.327],[5.699,62.321],[5.675,62.323],[5.669,62.328],[5.667,62.33],[5.66,62.328],[5.654,62.324],[5.65,62.32],[5.636,62.319]]],[[[5.594,62.34],[5.577,62.335],[5.542,62.332],[5.521,62.335],[5.516,62.34],[5.515,62.346],[5.517,62.349],[5.51,62.364],[5.524,62.37],[5.547,62.368],[5.565,62.361],[5.582,62.359],[5.596,62.354],[5.598,62.345],[5.594,62.34]]],[[[8.315,63.181],[8.318,63.178],[8.325,63.171],[8.307,63.167],[8.231,63.16],[8.21,63.161],[8.196,63.167],[8.191,63.175],[8.182,63.201],[8.174,63.209],[8.165,63.213],[8.171,63.22],[8.188,63.225],[8.21,63.227],[8.235,63.222],[8.278,63.2],[8.289,63.197],[8.306,63.188],[8.315,63.181]]],[[[9.16,63.648],[9.167,63.647],[9.171,63.641],[9.162,63.634],[9.132,63.629],[9.111,63.621],[9.076,63.613],[9.03,63.617],[9.014,63.627],[9.027,63.63],[9.031,63.633],[9.031,63.638],[9.038,63.644],[9.041,63.649],[9.042,63.655],[9.048,63.659],[9.058,63.661],[9.085,63.662],[9.108,63.66],[9.118,63.655],[9.119,63.652],[9.123,63.65],[9.145,63.652],[9.15,63.651],[9.157,63.648],[9.16,63.648]]],[[[9.931,64.028],[9.94,64.022],[9.944,64.011],[9.928,64.003],[9.908,63.998],[9.892,63.997],[9.881,64.003],[9.868,64.006],[9.854,64.009],[9.856,64.013],[9.874,64.017],[9.881,64.02],[9.875,64.023],[9.867,64.024],[9.857,64.023],[9.847,64.026],[9.844,64.033],[9.851,64.038],[9.875,64.038],[9.88,64.044],[9.889,64.049],[9.904,64.045],[9.917,64.037],[9.92,64.032],[9.92,64.029],[9.931,64.028]]],[[[11.466,64.588],[11.344,64.574],[11.366,64.634],[11.466,64.588]]],[[[11.351,64.652],[11.312,64.6],[11.168,64.66],[11.351,64.652]]],[[[11.762,65.119],[11.777,65.118],[11.777,65.11],[11.765,65.102],[11.745,65.095],[11.71,65.082],[11.689,65.077],[11.674,65.072],[11.674,65.069],[11.688,65.069],[11.701,65.065],[11.698,65.057],[11.684,65.051],[11.669,65.045],[11.657,65.042],[11.652,65.046],[11.654,65.051],[11.653,65.058],[11.652,65.06],[11.658,65.065],[11.65,65.065],[11.627,65.058],[11.604,65.048],[11.58,65.043],[11.559,65.042],[11.519,65.055],[11.519,65.059],[11.527,65.062],[11.528,65.064],[11.525,65.065],[11.529,65.075],[11.531,65.085],[11.541,65.092],[11.555,65.096],[11.566,65.104],[11.58,65.11],[11.662,65.118],[11.689,65.118],[11.707,65.114],[11.719,65.108],[11.726,65.107],[11.731,65.109],[11.733,65.112],[11.743,65.115],[11.762,65.119]]],[[[17.547,69.092],[17.558,69.092],[17.572,69.09],[17.567,69.086],[17.551,69.081],[17.546,69.075],[17.547,69.067],[17.544,69.06],[17.539,69.056],[17.525,69.048],[17.501,69.039],[17.478,69.035],[17.458,69.027],[17.442,69.017],[17.419,68.996],[17.401,68.989],[17.377,68.989],[17.352,68.996],[17.344,69.003],[17.349,69.009],[17.351,69.016],[17.349,69.024],[17.353,69.035],[17.364,69.047],[17.386,69.064],[17.42,69.079],[17.452,69.085],[17.547,69.092]]],[[[24.837,71.095],[24.77,71.026],[24.614,71.057],[24.837,71.095]]],[[[5.764,59.118],[5.776,59.113],[5.778,59.101],[5.775,59.081],[5.751,59.072],[5.667,59.1],[5.602,59.115],[5.575,59.124],[5.585,59.127],[5.594,59.133],[5.608,59.134],[5.624,59.131],[5.635,59.131],[5.647,59.131],[5.678,59.123],[5.698,59.12],[5.721,59.126],[5.739,59.124],[5.764,59.118]]],[[[5.462,59.211],[5.443,59.159],[5.375,59.219],[5.462,59.211]]],[[[6.016,59.292],[6.092,59.261],[5.93,59.243],[6.016,59.292]]],[[[4.846,60.628],[4.779,60.599],[4.791,60.666],[4.846,60.628]]],[[[4.836,61.675],[4.832,61.681],[4.83,61.69],[4.833,61.696],[4.839,61.7],[4.848,61.702],[4.858,61.702],[4.863,61.708],[4.87,61.715],[4.88,61.712],[4.877,61.701],[4.884,61.696],[4.889,61.688],[4.896,61.685],[4.903,61.676],[4.905,61.66],[4.903,61.652],[4.902,61.655],[4.899,61.659],[4.892,61.663],[4.884,61.664],[4.865,61.659],[4.857,61.662],[4.853,61.663],[4.848,61.665],[4.841,61.67],[4.836,61.675]]],[[[14.408,67.426],[14.412,67.425],[14.419,67.423],[14.413,67.413],[14.392,67.399],[14.366,67.391],[14.284,67.38],[14.275,67.377],[14.256,67.374],[14.239,67.374],[14.227,67.377],[14.229,67.384],[14.249,67.389],[14.245,67.393],[14.249,67.395],[14.259,67.395],[14.269,67.4],[14.28,67.409],[14.309,67.423],[14.372,67.441],[14.39,67.441],[14.401,67.437],[14.403,67.43],[14.399,67.424],[14.399,67.422],[14.408,67.426]]]]}},{"type":"Feature","properties":{"iso3":"SWE","name":"Sweden"},"geometry":{"type":"MultiPolygon","coordinates":[[[[20.623,69.036],[20.911,68.981],[20.906,68.895],[22.072,68.477],[22.808,68.395],[23.067,68.29],[23.166,68.122],[23.307,68.146],[23.662,67.95],[23.481,67.865],[23.554,67.587],[23.431,67.486],[23.765,67.42],[23.786,67.338],[23.603,67.26],[23.581,67.153],[24.004,66.805],[23.892,66.751],[23.882,66.564],[23.652,66.459],[23.663,66.317],[23.724,66.207],[24.02,66.049],[24.163,65.823],[23.926,65.76],[23.739,65.829],[23.47,65.833],[23.428,65.765],[23.196,65.827],[23.238,65.769],[23.103,65.705],[22.634,65.905],[22.664,65.758],[22.406,65.864],[22.326,65.837],[22.326,65.736],[22.209,65.761],[22.388,65.673],[22.282,65.701],[22.285,65.632],[22.189,65.624],[22.301,65.612],[22.309,65.669],[22.405,65.542],[21.764,65.728],[22.203,65.549],[21.854,65.535],[22.032,65.467],[21.928,65.404],[21.489,65.393],[21.449,65.357],[21.702,65.286],[21.623,65.241],[21.312,65.371],[21.264,65.337],[21.61,65.169],[21.544,65.137],[21.586,65.069],[21.243,64.953],[21.181,64.836],[21.037,64.833],[21.306,64.768],[21.229,64.748],[21.305,64.666],[21.144,64.733],[21.123,64.683],[21.486,64.583],[21.526,64.523],[21.347,64.532],[21.606,64.452],[20.967,64.149],[20.675,63.789],[20.503,63.822],[20.394,63.681],[20.325,63.754],[20.308,63.654],[20.284,63.733],[20.243,63.651],[20.035,63.657],[19.687,63.431],[19.446,63.561],[19.517,63.415],[19.293,63.467],[19.27,63.342],[19.057,63.26],[19.112,63.22],[19.053,63.179],[18.751,63.259],[18.894,63.198],[18.7,63.226],[18.756,63.157],[18.564,63.178],[18.655,63.114],[18.242,63.0],[18.577,62.958],[18.403,62.965],[18.513,62.904],[18.4,62.911],[18.474,62.877],[18.378,62.837],[18.207,62.869],[18.283,62.842],[18.195,62.777],[18.009,62.794],[18.146,62.822],[18.077,62.856],[17.935,62.817],[17.831,63.0],[17.694,62.994],[17.995,62.728],[17.993,62.66],[17.872,62.671],[18.064,62.596],[17.968,62.56],[17.937,62.616],[17.843,62.49],[17.671,62.489],[17.707,62.437],[17.427,62.541],[17.331,62.488],[17.368,62.343],[17.653,62.232],[17.519,62.228],[17.46,62.003],[17.345,61.937],[17.337,61.824],[17.406,61.821],[17.399,61.722],[17.514,61.714],[17.496,61.635],[17.138,61.726],[17.269,61.691],[17.097,61.636],[17.248,61.609],[17.056,61.582],[17.187,61.561],[17.08,61.55],[17.22,61.448],[17.104,61.399],[17.276,61.314],[17.097,61.321],[17.213,61.235],[17.152,61.204],[17.159,61.02],[17.248,61.012],[17.158,60.948],[17.336,60.767],[17.187,60.692],[17.34,60.623],[17.575,60.648],[17.671,60.504],[17.975,60.588],[17.967,60.512],[18.262,60.382],[18.235,60.327],[18.428,60.349],[18.427,60.286],[18.605,60.238],[18.317,60.321],[18.42,60.194],[18.549,60.174],[18.578,60.074],[18.578,60.142],[18.721,60.126],[18.797,60.005],[18.753,60.082],[18.817,60.118],[18.903,59.947],[19.072,59.896],[19.035,59.835],[18.886,59.93],[18.924,59.852],[18.734,59.769],[19.074,59.75],[18.913,59.752],[18.269,59.477],[18.307,59.397],[18.181,59.458],[18.009,59.409],[18.221,59.32],[18.47,59.337],[18.427,59.436],[18.485,59.434],[18.646,59.33],[18.291,59.323],[18.424,59.144],[18.014,59.045],[17.893,58.861],[17.774,58.961],[17.774,58.886],[17.769,59.121],[17.71,59.053],[17.659,59.169],[17.577,58.957],[17.627,58.918],[17.536,58.902],[17.591,58.861],[17.447,58.895],[17.488,58.8],[17.337,58.806],[17.358,58.751],[17.028,58.751],[17.146,58.697],[16.924,58.625],[16.179,58.635],[16.789,58.607],[16.94,58.491],[16.748,58.429],[16.413,58.477],[16.706,58.408],[16.775,58.34],[16.632,58.354],[16.698,58.302],[16.799,58.324],[16.707,58.278],[16.803,58.245],[16.777,58.131],[16.617,58.203],[16.755,58.025],[16.637,58.014],[16.769,57.888],[16.611,57.895],[16.515,57.999],[16.573,57.894],[16.46,57.902],[16.707,57.751],[16.419,57.895],[16.715,57.703],[16.577,57.71],[16.631,57.629],[16.521,57.627],[16.689,57.472],[16.469,57.275],[16.583,57.045],[16.44,57.052],[16.408,56.799],[16.472,56.777],[16.246,56.642],[16.038,56.255],[15.852,56.086],[15.789,56.106],[15.827,56.159],[15.586,56.209],[15.366,56.141],[14.725,56.168],[14.682,56.117],[14.768,56.031],[14.497,56.04],[14.235,55.863],[14.196,55.726],[14.368,55.545],[14.181,55.391],[12.833,55.383],[12.986,55.448],[12.917,55.547],[13.055,55.694],[12.923,55.749],[12.926,55.834],[12.451,56.304],[12.814,56.236],[12.622,56.419],[12.89,56.455],[12.934,56.547],[12.872,56.649],[12.732,56.647],[12.598,56.821],[12.356,56.924],[12.191,57.213],[12.101,57.237],[12.157,57.243],[12.095,57.25],[12.144,57.31],[12.05,57.351],[12.109,57.394],[12.059,57.459],[11.979,57.347],[11.903,57.394],[11.917,57.621],[11.835,57.662],[11.924,57.703],[11.705,57.698],[11.808,57.788],[11.656,57.839],[11.759,57.902],[11.89,58.217],[11.809,58.302],[11.883,58.333],[11.506,58.243],[11.67,58.422],[11.553,58.463],[11.522,58.336],[11.396,58.265],[11.424,58.388],[11.346,58.346],[11.424,58.443],[11.221,58.346],[11.286,58.58],[11.177,58.719],[11.198,58.923],[11.108,58.954],[11.194,59.08],[11.321,59.1],[11.452,58.896],[11.664,58.92],[11.812,59.25],[11.675,59.607],[11.892,59.706],[11.85,59.872],[12.144,59.898],[12.483,60.081],[12.492,60.312],[12.605,60.419],[12.253,61.002],[12.704,61.046],[12.888,61.35],[12.162,61.725],[12.314,62.286],[12.091,62.586],[12.156,62.734],[12.093,62.907],[12.223,63.001],[11.992,63.289],[12.22,63.474],[12.17,63.598],[12.755,63.991],[13.234,64.091],[13.964,64.01],[14.148,64.169],[14.097,64.465],[13.643,64.584],[14.514,65.318],[14.561,65.701],[14.649,65.802],[14.541,66.125],[15.053,66.153],[15.482,66.275],[15.426,66.491],[16.416,67.053],[16.438,67.2],[16.127,67.423],[16.587,67.626],[16.783,67.897],[17.321,68.105],[17.921,67.973],[18.189,68.199],[18.162,68.53],[18.436,68.574],[19.971,68.351],[20.246,68.477],[19.962,68.541],[20.237,68.659],[20.357,68.805],[20.341,68.91],[20.102,69.022],[20.623,69.036]]],[[[17.125,57.319],[16.428,56.218],[16.419,56.586],[16.621,56.872],[16.731,56.904],[16.966,57.305],[17.125,57.319]]],[[[19.04,57.868],[19.085,57.826],[18.807,57.734],[18.762,57.617],[18.773,57.472],[18.926,57.393],[18.406,57.143],[18.455,57.127],[18.338,57.031],[18.4,57.004],[18.312,56.948],[18.139,56.922],[18.29,57.093],[18.201,57.065],[18.228,57.134],[18.099,57.259],[18.179,57.38],[18.128,57.548],[18.678,57.914],[18.803,57.826],[18.851,57.915],[19.04,57.868]]],[[[19.273,57.977],[19.339,57.964],[19.162,57.926],[19.13,57.847],[19.037,57.905],[19.098,57.977],[19.273,57.977]]],[[[11.739,58.059],[11.595,57.936],[11.498,58.028],[11.739,58.059]]],[[[11.807,58.23],[11.805,58.126],[11.708,58.098],[11.458,58.072],[11.407,58.131],[11.686,58.291],[11.807,58.23]]],[[[19.332,58.368],[19.291,58.35],[19.25,58.343],[19.214,58.355],[19.188,58.395],[19.222,58.395],[19.249,58.386],[19.306,58.379],[19.332,58.368]]],[[[18.43,59.258],[18.427,59.261],[18.418,59.274],[18.413,59.279],[18.397,59.286],[18.345,59.299],[18.462,59.298],[18.523,59.289],[18.612,59.258],[18.561,59.257],[18.539,59.26],[18.516,59.271],[18.517,59.249],[18.532,59.242],[18.578,59.245],[18.552,59.226],[18.52,59.229],[18.468,59.252],[18.43,59.258]]],[[[18.55,60.327],[18.402,60.37],[18.379,60.508],[18.55,60.327]]],[[[20.839,63.768],[20.865,63.797],[20.905,63.794],[20.92,63.774],[20.874,63.754],[20.881,63.761],[20.873,63.771],[20.863,63.774],[20.852,63.772],[20.839,63.768]]],[[[18.485,59.098],[18.488,59.095],[18.49,59.089],[18.487,59.085],[18.484,59.083],[18.456,59.057],[18.436,59.05],[18.433,59.043],[18.43,59.038],[18.429,59.032],[18.428,59.026],[18.425,59.022],[18.42,59.017],[18.414,59.012],[18.405,59.009],[18.396,59.011],[18.391,59.011],[18.386,59.007],[18.377,59.007],[18.367,59.009],[18.355,59.016],[18.344,59.026],[18.341,59.033],[18.346,59.037],[18.353,59.037],[18.362,59.039],[18.358,59.045],[18.35,59.053],[18.351,59.057],[18.357,59.056],[18.366,59.058],[18.376,59.064],[18.379,59.071],[18.372,59.074],[18.375,59.078],[18.415,59.093],[18.434,59.104],[18.451,59.112],[18.466,59.117],[18.479,59.117],[18.485,59.106],[18.485,59.098]]],[[[18.716,59.209],[18.744,59.207],[18.75,59.205],[18.738,59.198],[18.668,59.174],[18.66,59.177],[18.666,59.188],[18.677,59.199],[18.691,59.209],[18.704,59.211],[18.716,59.209]]],[[[18.797,59.295],[18.803,59.294],[18.811,59.289],[18.808,59.283],[18.799,59.278],[18.791,59.273],[18.779,59.26],[18.778,59.257],[18.778,59.254],[18.775,59.252],[18.771,59.251],[18.764,59.252],[18.754,59.256],[18.743,59.259],[18.737,59.259],[18.732,59.258],[18.723,59.262],[18.725,59.273],[18.738,59.285],[18.758,59.295],[18.776,59.298],[18.79,59.297],[18.797,59.295]]],[[[18.676,59.34],[18.664,59.347],[18.653,59.355],[18.648,59.36],[18.638,59.368],[18.647,59.372],[18.688,59.371],[18.691,59.374],[18.698,59.374],[18.706,59.371],[18.715,59.367],[18.731,59.354],[18.738,59.352],[18.742,59.351],[18.744,59.345],[18.747,59.332],[18.741,59.32],[18.727,59.312],[18.683,59.3],[18.678,59.3],[18.673,59.304],[18.677,59.311],[18.683,59.313],[18.686,59.316],[18.684,59.322],[18.682,59.331],[18.676,59.34]]],[[[18.107,59.385],[18.123,59.389],[18.237,59.373],[18.249,59.367],[18.233,59.365],[18.224,59.366],[18.204,59.366],[18.21,59.362],[18.222,59.352],[18.212,59.341],[18.19,59.338],[18.166,59.341],[18.14,59.349],[18.123,59.357],[18.117,59.364],[18.112,59.372],[18.105,59.378],[18.107,59.385]]],[[[18.854,59.403],[18.865,59.4],[18.869,59.393],[18.865,59.39],[18.856,59.386],[18.848,59.389],[18.847,59.396],[18.854,59.403]]],[[[18.942,59.394],[18.946,59.389],[18.948,59.379],[18.938,59.373],[18.921,59.379],[18.908,59.388],[18.904,59.391],[18.9,59.394],[18.899,59.401],[18.908,59.406],[18.922,59.406],[18.936,59.399],[18.942,59.394]]],[[[18.926,59.434],[18.909,59.418],[18.894,59.407],[18.872,59.409],[18.861,59.425],[18.874,59.44],[18.899,59.446],[18.912,59.447],[18.916,59.446],[18.924,59.441],[18.926,59.434]]],[[[18.657,59.507],[18.556,59.422],[18.511,59.483],[18.657,59.507]]],[[[18.978,59.634],[18.982,59.633],[18.986,59.629],[18.985,59.624],[18.981,59.624],[18.975,59.623],[18.968,59.619],[18.955,59.618],[18.937,59.619],[18.928,59.622],[18.913,59.592],[18.905,59.583],[18.896,59.581],[18.886,59.579],[18.863,59.584],[18.859,59.596],[18.868,59.606],[18.938,59.649],[18.952,59.653],[18.965,59.648],[18.978,59.634]]],[[[18.854,59.601],[18.831,59.592],[18.828,59.589],[18.828,59.586],[18.824,59.584],[18.816,59.583],[18.809,59.582],[18.784,59.574],[18.77,59.572],[18.757,59.573],[18.757,59.576],[18.774,59.581],[18.796,59.589],[18.816,59.602],[18.825,59.609],[18.865,59.632],[18.924,59.657],[18.924,59.648],[18.905,59.634],[18.858,59.603],[18.854,59.601]]],[[[18.996,59.81],[18.886,59.794],[18.959,59.864],[18.996,59.81]]],[[[18.724,60.197],[18.729,60.197],[18.729,60.2],[18.712,60.212],[18.719,60.216],[18.738,60.215],[18.753,60.209],[18.761,60.203],[18.766,60.196],[18.773,60.192],[18.782,60.19],[18.788,60.184],[18.788,60.178],[18.784,60.176],[18.784,60.175],[18.79,60.176],[18.796,60.178],[18.8,60.176],[18.806,60.168],[18.807,60.161],[18.782,60.154],[18.761,60.15],[18.736,60.153],[18.724,60.155],[18.72,60.161],[18.714,60.173],[18.713,60.183],[18.715,60.188],[18.718,60.194],[18.724,60.197]]],[[[15.705,56.116],[15.718,56.117],[15.727,56.118],[15.726,56.113],[15.714,56.107],[15.701,56.106],[15.698,56.101],[15.703,56.089],[15.704,56.081],[15.702,56.077],[15.697,56.074],[15.688,56.075],[15.683,56.075],[15.651,56.09],[15.642,56.105],[15.655,56.119],[15.669,56.124],[15.675,56.12],[15.683,56.117],[15.694,56.118],[15.705,56.116]]],[[[16.867,58.305],[16.877,58.3],[16.881,58.293],[16.879,58.281],[16.868,58.273],[16.856,58.272],[16.847,58.275],[16.836,58.291],[16.833,58.304],[16.845,58.31],[16.867,58.305]]],[[[16.892,58.334],[16.91,58.338],[16.919,58.336],[16.915,58.335],[16.913,58.335],[16.908,58.329],[16.905,58.326],[16.895,58.321],[16.882,58.317],[16.865,58.317],[16.846,58.32],[16.827,58.328],[16.815,58.339],[16.809,58.348],[16.804,58.353],[16.8,58.358],[16.802,58.365],[16.796,58.371],[16.785,58.38],[16.79,58.389],[16.808,58.394],[16.817,58.396],[16.83,58.399],[16.837,58.4],[16.841,58.399],[16.854,58.402],[16.86,58.4],[16.864,58.398],[16.862,58.392],[16.851,58.383],[16.84,58.38],[16.829,58.382],[16.847,58.372],[16.845,58.369],[16.834,58.369],[16.827,58.364],[16.831,58.356],[16.846,58.345],[16.87,58.333],[16.892,58.334]]],[[[18.321,58.969],[18.351,58.98],[18.357,58.977],[18.354,58.967],[18.339,58.958],[18.317,58.951],[18.309,58.948],[18.302,58.946],[18.293,58.946],[18.29,58.941],[18.299,58.934],[18.315,58.931],[18.316,58.927],[18.288,58.924],[18.272,58.919],[18.238,58.914],[18.216,58.906],[18.206,58.905],[18.198,58.908],[18.194,58.911],[18.196,58.92],[18.211,58.935],[18.226,58.945],[18.262,58.96],[18.277,58.961],[18.29,58.961],[18.299,58.963],[18.306,58.965],[18.321,58.969]]],[[[18.198,59.01],[18.195,58.998],[18.19,58.994],[18.183,58.999],[18.175,59.001],[18.168,58.997],[18.159,58.998],[18.148,59.005],[18.146,59.004],[18.149,58.994],[18.149,58.986],[18.15,58.977],[18.145,58.969],[18.131,58.965],[18.118,58.967],[18.099,58.979],[18.095,58.978],[18.087,58.975],[18.072,58.966],[18.057,58.959],[18.051,58.961],[18.051,58.967],[18.053,58.971],[18.059,58.985],[18.065,58.991],[18.076,58.993],[18.082,58.997],[18.08,59.003],[18.083,59.009],[18.093,59.018],[18.104,59.023],[18.125,59.021],[18.149,59.026],[18.172,59.027],[18.217,59.024],[18.216,59.02],[18.179,59.011],[18.181,59.009],[18.185,59.012],[18.192,59.012],[18.198,59.01]]],[[[17.707,58.993],[17.691,58.902],[17.639,58.931],[17.652,59.072],[17.707,58.993]]],[[[18.125,62.688],[18.006,62.706],[18.149,62.75],[18.125,62.688]]],[[[20.871,63.669],[20.865,63.659],[20.856,63.651],[20.843,63.644],[20.826,63.644],[20.828,63.653],[20.865,63.677],[20.869,63.676],[20.871,63.669]]],[[[20.898,63.754],[20.907,63.756],[20.92,63.764],[20.938,63.773],[20.948,63.775],[20.947,63.773],[20.942,63.769],[20.941,63.766],[20.944,63.761],[20.943,63.757],[20.936,63.752],[20.933,63.745],[20.935,63.737],[20.937,63.728],[20.933,63.715],[20.923,63.703],[20.909,63.695],[20.894,63.69],[20.887,63.691],[20.88,63.691],[20.865,63.683],[20.862,63.693],[20.881,63.742],[20.889,63.75],[20.898,63.754]]],[[[22.408,65.455],[22.418,65.45],[22.41,65.441],[22.388,65.434],[22.376,65.431],[22.295,65.428],[22.285,65.432],[22.286,65.443],[22.295,65.453],[22.306,65.455],[22.317,65.452],[22.321,65.447],[22.333,65.443],[22.352,65.449],[22.371,65.459],[22.391,65.46],[22.408,65.455]]],[[[22.154,65.43],[22.148,65.435],[22.143,65.446],[22.144,65.455],[22.147,65.458],[22.147,65.469],[22.157,65.474],[22.174,65.474],[22.21,65.466],[22.215,65.46],[22.207,65.456],[22.207,65.45],[22.217,65.442],[22.227,65.437],[22.232,65.432],[22.233,65.424],[22.232,65.418],[22.22,65.42],[22.211,65.423],[22.201,65.426],[22.154,65.43]]],[[[22.595,65.528],[22.611,65.524],[22.617,65.517],[22.614,65.512],[22.605,65.51],[22.588,65.512],[22.568,65.517],[22.553,65.53],[22.559,65.538],[22.577,65.533],[22.587,65.529],[22.595,65.528]]],[[[22.219,65.507],[22.193,65.526],[22.187,65.538],[22.198,65.542],[22.211,65.545],[22.226,65.544],[22.303,65.523],[22.311,65.523],[22.319,65.524],[22.327,65.521],[22.336,65.513],[22.359,65.504],[22.358,65.495],[22.344,65.49],[22.333,65.492],[22.321,65.5],[22.308,65.507],[22.293,65.511],[22.279,65.513],[22.271,65.51],[22.274,65.501],[22.271,65.5],[22.271,65.497],[22.273,65.491],[22.283,65.483],[22.285,65.479],[22.28,65.478],[22.266,65.482],[22.219,65.507]]],[[[22.578,65.583],[22.626,65.593],[22.641,65.589],[22.637,65.58],[22.621,65.576],[22.614,65.571],[22.612,65.564],[22.606,65.558],[22.597,65.554],[22.587,65.555],[22.575,65.558],[22.572,65.558],[22.576,65.554],[22.57,65.555],[22.539,65.564],[22.534,65.568],[22.529,65.576],[22.536,65.581],[22.546,65.582],[22.561,65.581],[22.578,65.583]]],[[[22.57,65.595],[22.559,65.601],[22.554,65.605],[22.568,65.613],[22.595,65.613],[22.605,65.6],[22.589,65.594],[22.57,65.595]]],[[[22.963,65.716],[22.977,65.71],[22.985,65.7],[22.982,65.694],[22.971,65.696],[22.964,65.696],[22.961,65.69],[22.963,65.682],[22.972,65.667],[22.957,65.671],[22.927,65.685],[22.899,65.701],[22.882,65.72],[22.886,65.737],[22.905,65.743],[22.93,65.742],[22.956,65.733],[22.96,65.725],[22.945,65.725],[22.946,65.722],[22.963,65.716]]],[[[23.797,65.754],[23.801,65.75],[23.803,65.744],[23.799,65.735],[23.793,65.728],[23.786,65.725],[23.783,65.721],[23.785,65.718],[23.774,65.711],[23.738,65.697],[23.7,65.707],[23.681,65.722],[23.682,65.743],[23.69,65.748],[23.697,65.74],[23.705,65.736],[23.711,65.74],[23.714,65.752],[23.719,65.751],[23.73,65.745],[23.742,65.742],[23.754,65.741],[23.765,65.744],[23.775,65.75],[23.782,65.748],[23.787,65.744],[23.79,65.747],[23.793,65.754],[23.797,65.754]]],[[[22.741,65.714],[22.747,65.77],[22.811,65.714],[22.741,65.714]]]]}},{"type":"Feature","properties":{"iso3":"FIN","name":"Finland"},"geometry":{"type":"MultiPolygon","coordinates":[[[[28.954,69.027],[28.41,68.899],[28.801,68.835],[28.448,68.53],[28.664,68.204],[29.331,68.073],[29.651,67.824],[30.009,67.686],[29.916,67.508],[29.52,67.298],[29.052,66.908],[29.9,66.108],[30.112,65.712],[30.099,65.656],[29.703,65.629],[29.839,65.565],[29.726,65.492],[29.72,65.329],[29.58,65.235],[29.833,65.205],[29.85,65.122],[29.598,65.034],[29.634,64.907],[29.78,64.796],[30.119,64.768],[30.181,64.643],[29.955,64.569],[30.07,64.472],[30.032,64.397],[30.558,64.22],[30.552,64.022],[30.202,63.793],[29.981,63.742],[30.461,63.473],[31.204,63.213],[31.57,62.906],[31.244,62.503],[29.203,61.246],[27.74,60.574],[27.705,60.485],[27.457,60.464],[27.232,60.512],[27.308,60.526],[27.215,60.585],[26.962,60.447],[26.553,60.433],[26.475,60.487],[26.58,60.591],[26.753,60.574],[26.659,60.652],[26.342,60.376],[25.917,60.485],[26.108,60.336],[26.04,60.3],[25.842,60.402],[25.93,60.245],[25.754,60.321],[25.849,60.266],[25.736,60.247],[25.669,60.365],[25.526,60.327],[25.503,60.246],[25.314,60.273],[25.029,60.148],[24.999,60.213],[24.951,60.143],[24.807,60.191],[24.67,60.101],[24.554,60.156],[24.594,60.06],[24.446,59.992],[24.446,60.048],[24.313,59.998],[24.32,60.076],[23.429,59.957],[23.546,60.074],[23.237,59.898],[23.251,59.841],[22.905,59.811],[23.247,59.922],[23.333,60.03],[23.111,59.923],[23.258,60.04],[23.035,60.045],[23.046,60.122],[22.875,60.15],[23.081,60.355],[22.525,60.204],[22.648,60.279],[22.463,60.273],[22.624,60.399],[22.292,60.383],[21.903,60.529],[21.785,60.478],[21.841,60.629],[21.612,60.489],[21.518,60.567],[21.579,60.567],[21.409,60.58],[21.47,60.608],[21.353,60.69],[21.47,60.731],[21.329,60.828],[21.428,60.903],[21.299,61.06],[21.482,61.06],[21.443,61.17],[21.558,61.204],[21.476,61.246],[21.544,61.28],[21.524,61.375],[21.449,61.403],[21.572,61.416],[21.422,61.485],[21.592,61.485],[21.482,61.568],[21.716,61.527],[21.538,61.65],[21.518,61.711],[21.586,61.698],[21.47,61.76],[21.414,61.907],[21.237,61.985],[21.374,62.267],[21.312,62.232],[21.339,62.356],[21.271,62.411],[21.216,62.335],[21.202,62.418],[21.134,62.404],[21.127,62.554],[21.194,62.601],[21.065,62.596],[21.161,62.719],[21.114,62.781],[21.391,62.88],[21.444,63.041],[21.688,63.027],[21.497,63.209],[21.895,63.26],[21.881,63.178],[21.984,63.143],[22.025,63.239],[22.33,63.284],[22.374,63.321],[22.196,63.431],[22.402,63.418],[22.281,63.526],[22.395,63.452],[22.589,63.703],[22.791,63.633],[22.903,63.795],[22.99,63.761],[23.063,63.853],[23.416,63.925],[23.396,64.056],[23.605,64.028],[23.574,64.107],[23.943,64.247],[24.004,64.389],[24.344,64.531],[24.588,64.781],[24.538,64.805],[25.095,64.918],[25.355,64.83],[25.36,64.911],[25.191,64.967],[25.444,64.967],[25.364,65.091],[25.211,65.124],[25.327,65.227],[25.335,65.343],[25.266,65.378],[25.355,65.412],[25.324,65.507],[24.859,65.659],[24.676,65.635],[24.55,65.763],[24.711,65.912],[24.519,65.796],[24.206,65.779],[24.02,66.049],[23.689,66.257],[23.652,66.459],[23.882,66.564],[23.892,66.751],[24.004,66.805],[23.581,67.153],[23.603,67.26],[23.786,67.338],[23.765,67.42],[23.431,67.486],[23.554,67.587],[23.481,67.865],[23.662,67.95],[23.307,68.146],[23.166,68.122],[23.067,68.29],[22.808,68.395],[22.072,68.477],[20.906,68.895],[20.911,68.981],[20.623,69.036],[20.744,69.104],[21.072,69.037],[21.156,69.088],[21.034,69.181],[21.098,69.239],[21.639,69.271],[22.371,68.823],[22.409,68.713],[23.198,68.618],[23.929,68.816],[24.905,68.557],[25.132,68.648],[25.201,68.813],[25.628,68.874],[25.796,68.993],[25.737,69.218],[26.005,69.689],[26.198,69.715],[26.534,69.925],[27.1,69.902],[27.867,70.075],[28.405,69.802],[29.147,69.664],[29.345,69.464],[28.852,69.204],[28.828,69.091],[28.954,69.027]]],[[[22.408,60.053],[22.443,59.998],[22.36,60.021],[22.408,60.053]]],[[[21.497,60.135],[21.53,60.159],[21.571,60.17],[21.615,60.169],[21.654,60.156],[21.647,60.145],[21.637,60.139],[21.613,60.129],[21.63,60.128],[21.637,60.124],[21.635,60.116],[21.626,60.107],[21.613,60.102],[21.599,60.103],[21.572,60.107],[21.562,60.107],[21.534,60.101],[21.524,60.098],[21.514,60.097],[21.504,60.103],[21.493,60.11],[21.482,60.115],[21.499,60.121],[21.519,60.123],[21.558,60.122],[21.549,60.133],[21.533,60.137],[21.497,60.135]]],[[[21.744,60.191],[21.888,60.176],[21.72,60.114],[21.744,60.191]]],[[[21.353,60.211],[21.369,60.197],[21.394,60.191],[21.449,60.191],[21.449,60.184],[21.409,60.185],[21.394,60.179],[21.387,60.163],[21.381,60.163],[21.372,60.17],[21.357,60.174],[21.326,60.176],[21.311,60.179],[21.301,60.186],[21.29,60.191],[21.271,60.191],[21.285,60.204],[21.306,60.21],[21.353,60.211]]],[[[22.059,60.211],[22.009,60.137],[21.935,60.176],[22.059,60.211]]],[[[25.814,60.208],[25.822,60.216],[25.841,60.219],[25.876,60.217],[25.863,60.204],[25.852,60.2],[25.836,60.196],[25.821,60.197],[25.814,60.208]]],[[[22.209,60.204],[22.222,60.224],[22.246,60.243],[22.272,60.253],[22.292,60.245],[22.297,60.221],[22.269,60.196],[22.232,60.185],[22.209,60.204]]],[[[25.622,60.238],[25.592,60.243],[25.57,60.258],[25.564,60.278],[25.582,60.296],[25.598,60.291],[25.684,60.245],[25.677,60.238],[25.66,60.234],[25.644,60.228],[25.634,60.218],[25.636,60.204],[25.612,60.211],[25.603,60.215],[25.608,60.222],[25.622,60.238]]],[[[22.844,60.242],[22.949,60.27],[22.73,60.005],[22.47,59.998],[22.422,60.115],[22.6,60.142],[22.415,60.15],[22.448,60.221],[22.844,60.242]]],[[[22.107,60.313],[22.132,60.316],[22.25,60.311],[22.321,60.297],[22.34,60.286],[22.337,60.274],[22.332,60.269],[22.313,60.266],[22.305,60.267],[22.298,60.271],[22.29,60.273],[22.282,60.269],[22.278,60.266],[22.265,60.26],[22.261,60.259],[22.216,60.253],[22.201,60.254],[22.217,60.266],[22.204,60.276],[22.181,60.281],[22.157,60.282],[22.141,60.279],[22.182,60.279],[22.163,60.259],[22.137,60.262],[22.11,60.271],[22.089,60.269],[22.08,60.269],[22.077,60.284],[22.084,60.301],[22.107,60.313]]],[[[22.388,60.321],[22.37,60.315],[22.351,60.314],[22.313,60.321],[22.329,60.337],[22.35,60.348],[22.374,60.353],[22.398,60.355],[22.402,60.353],[22.402,60.349],[22.401,60.344],[22.402,60.341],[22.429,60.334],[22.444,60.333],[22.458,60.334],[22.469,60.332],[22.477,60.321],[22.454,60.309],[22.425,60.299],[22.395,60.293],[22.367,60.293],[22.375,60.299],[22.38,60.306],[22.388,60.321]]],[[[21.998,60.334],[21.794,60.374],[21.808,60.467],[21.998,60.334]]],[[[21.726,60.482],[21.715,60.471],[21.701,60.46],[21.688,60.455],[21.682,60.465],[21.691,60.484],[21.714,60.509],[21.742,60.526],[21.764,60.526],[21.761,60.512],[21.751,60.502],[21.726,60.482]]],[[[21.319,60.482],[21.3,60.488],[21.266,60.49],[21.25,60.498],[21.261,60.52],[21.253,60.531],[21.238,60.542],[21.229,60.56],[21.25,60.56],[21.278,60.542],[21.305,60.519],[21.308,60.51],[21.325,60.482],[21.319,60.482]]],[[[21.394,60.56],[21.482,60.526],[21.443,60.471],[21.329,60.525],[21.394,60.56]]],[[[21.299,60.567],[21.214,60.616],[21.271,60.643],[21.299,60.567]]],[[[21.264,60.882],[21.202,60.889],[21.299,60.896],[21.27,60.968],[21.374,60.93],[21.264,60.882]]],[[[21.422,63.247],[21.243,63.151],[21.079,63.288],[21.243,63.281],[21.195,63.226],[21.287,63.211],[21.422,63.247]]],[[[21.319,63.288],[21.229,63.329],[21.346,63.364],[21.319,63.288]]],[[[24.993,65.055],[24.82,65.043],[24.722,65.003],[24.827,64.973],[24.735,64.951],[24.563,65.037],[24.993,65.055]]],[[[23.915,59.973],[23.924,59.969],[23.92,59.968],[23.92,59.959],[23.909,59.954],[23.896,59.954],[23.896,59.951],[23.894,59.95],[23.886,59.948],[23.871,59.947],[23.856,59.953],[23.85,59.953],[23.847,59.955],[23.854,59.963],[23.87,59.973],[23.892,59.977],[23.915,59.973]]],[[[22.887,60.068],[22.918,60.069],[22.927,60.065],[22.92,60.058],[22.917,60.049],[22.911,60.042],[22.907,60.038],[22.901,60.038],[22.893,60.033],[22.884,60.019],[22.88,60.011],[22.872,60.006],[22.86,60.011],[22.851,60.028],[22.856,60.041],[22.883,60.043],[22.884,60.048],[22.875,60.051],[22.862,60.052],[22.855,60.056],[22.863,60.063],[22.887,60.068]]],[[[22.958,60.111],[22.962,60.104],[22.963,60.097],[22.957,60.089],[22.947,60.085],[22.937,60.084],[22.932,60.086],[22.933,60.09],[22.928,60.09],[22.915,60.085],[22.899,60.081],[22.87,60.082],[22.862,60.081],[22.845,60.082],[22.845,60.086],[22.857,60.092],[22.864,60.101],[22.873,60.11],[22.88,60.114],[22.892,60.119],[22.917,60.125],[22.938,60.124],[22.95,60.119],[22.958,60.111]]],[[[21.992,60.13],[22.0,60.128],[22.012,60.123],[22.007,60.115],[21.988,60.112],[21.971,60.111],[21.944,60.113],[21.939,60.116],[21.93,60.125],[21.936,60.131],[21.951,60.136],[21.962,60.138],[21.977,60.131],[21.992,60.13]]],[[[22.313,60.192],[22.375,60.204],[22.386,60.195],[22.368,60.177],[22.344,60.169],[22.32,60.164],[22.319,60.16],[22.333,60.154],[22.337,60.149],[22.324,60.147],[22.299,60.147],[22.288,60.15],[22.292,60.152],[22.292,60.156],[22.291,60.165],[22.294,60.17],[22.298,60.173],[22.299,60.176],[22.299,60.182],[22.305,60.189],[22.313,60.192]]],[[[21.983,60.285],[21.977,60.285],[21.973,60.285],[21.979,60.289],[21.996,60.296],[22.008,60.297],[22.006,60.292],[21.996,60.287],[21.983,60.285]]],[[[21.957,60.281],[21.945,60.277],[21.926,60.277],[21.91,60.28],[21.896,60.29],[21.885,60.289],[21.875,60.305],[21.88,60.311],[21.895,60.311],[21.909,60.309],[21.925,60.313],[21.96,60.312],[21.974,60.309],[21.975,60.303],[21.957,60.281]]],[[[22.3,60.368],[22.29,60.358],[22.202,60.343],[22.191,60.342],[22.17,60.344],[22.157,60.352],[22.157,60.358],[22.164,60.362],[22.256,60.374],[22.285,60.375],[22.3,60.368]]],[[[22.206,60.383],[22.208,60.376],[22.112,60.353],[22.104,60.354],[22.122,60.372],[22.138,60.379],[22.147,60.38],[22.206,60.383]]],[[[21.338,60.383],[21.352,60.37],[21.357,60.358],[21.355,60.352],[21.353,60.352],[21.346,60.354],[21.338,60.353],[21.334,60.356],[21.334,60.363],[21.331,60.365],[21.324,60.367],[21.304,60.364],[21.294,60.371],[21.296,60.378],[21.303,60.384],[21.308,60.39],[21.32,60.392],[21.338,60.383]]],[[[26.602,60.447],[26.644,60.432],[26.653,60.427],[26.65,60.422],[26.636,60.415],[26.573,60.405],[26.559,60.397],[26.549,60.378],[26.538,60.378],[26.526,60.385],[26.507,60.403],[26.513,60.411],[26.561,60.417],[26.575,60.422],[26.581,60.427],[26.58,60.435],[26.585,60.441],[26.593,60.446],[26.602,60.447]]],[[[22.026,63.322],[22.033,63.322],[22.061,63.302],[22.058,63.295],[22.047,63.282],[22.03,63.277],[22.014,63.278],[22.007,63.281],[22.008,63.288],[22.005,63.291],[21.998,63.289],[21.996,63.285],[21.995,63.28],[21.99,63.278],[21.984,63.277],[21.978,63.28],[21.974,63.287],[21.978,63.299],[21.989,63.31],[22.002,63.313],[22.022,63.307],[22.03,63.308],[22.026,63.313],[22.012,63.32],[22.008,63.325],[22.013,63.326],[22.019,63.326],[22.022,63.323],[22.026,63.322]]],[[[22.144,63.251],[22.069,63.319],[22.231,63.339],[22.144,63.251]]],[[[21.957,63.332],[21.949,63.334],[21.947,63.338],[21.949,63.34],[21.951,63.344],[21.956,63.349],[21.961,63.354],[21.966,63.36],[21.972,63.365],[21.978,63.369],[21.984,63.373],[21.987,63.378],[21.996,63.385],[22.015,63.385],[22.03,63.383],[22.046,63.388],[22.06,63.388],[22.065,63.387],[22.07,63.385],[22.079,63.383],[22.089,63.384],[22.096,63.383],[22.096,63.38],[22.089,63.378],[22.079,63.377],[22.08,63.374],[22.085,63.367],[22.076,63.36],[22.059,63.358],[22.027,63.366],[22.013,63.364],[22.002,63.354],[21.997,63.348],[21.984,63.341],[21.966,63.333],[21.957,63.332]]],[[[22.808,63.78],[22.823,63.779],[22.829,63.776],[22.826,63.773],[22.821,63.771],[22.82,63.769],[22.819,63.763],[22.815,63.756],[22.812,63.753],[22.809,63.747],[22.802,63.738],[22.793,63.74],[22.782,63.745],[22.777,63.742],[22.78,63.734],[22.776,63.728],[22.764,63.727],[22.757,63.723],[22.74,63.721],[22.719,63.727],[22.703,63.736],[22.692,63.751],[22.687,63.755],[22.683,63.759],[22.681,63.763],[22.703,63.77],[22.711,63.773],[22.72,63.779],[22.737,63.786],[22.764,63.791],[22.782,63.79],[22.79,63.784],[22.796,63.778],[22.8,63.776],[22.804,63.778],[22.808,63.78]]],[[[22.499,59.878],[22.51,59.876],[22.513,59.874],[22.505,59.869],[22.444,59.851],[22.428,59.85],[22.416,59.853],[22.414,59.861],[22.422,59.866],[22.428,59.866],[22.434,59.867],[22.457,59.873],[22.48,59.874],[22.488,59.877],[22.499,59.878]]],[[[21.6,60.255],[21.616,60.255],[21.627,60.253],[21.622,60.243],[21.61,60.235],[21.606,60.228],[21.602,60.223],[21.592,60.222],[21.587,60.223],[21.578,60.222],[21.563,60.226],[21.562,60.24],[21.571,60.256],[21.587,60.269],[21.605,60.269],[21.607,60.261],[21.597,60.257],[21.6,60.255]]],[[[21.26,60.853],[21.267,60.851],[21.268,60.838],[21.263,60.83],[21.25,60.833],[21.21,60.845],[21.205,60.843],[21.202,60.845],[21.201,60.848],[21.195,60.852],[21.186,60.857],[21.189,60.861],[21.207,60.863],[21.222,60.859],[21.225,60.85],[21.227,60.847],[21.235,60.849],[21.242,60.848],[21.246,60.846],[21.252,60.847],[21.26,60.853]]],[[[21.422,61.177],[21.429,61.173],[21.432,61.171],[21.424,61.172],[21.389,61.181],[21.369,61.176],[21.352,61.176],[21.347,61.178],[21.348,61.178],[21.35,61.178],[21.347,61.182],[21.343,61.191],[21.346,61.196],[21.354,61.197],[21.357,61.2],[21.357,61.203],[21.363,61.209],[21.38,61.214],[21.391,61.21],[21.386,61.201],[21.389,61.192],[21.422,61.177]]],[[[21.521,61.634],[21.524,61.633],[21.526,61.629],[21.522,61.625],[21.515,61.625],[21.511,61.622],[21.508,61.618],[21.501,61.618],[21.478,61.621],[21.462,61.626],[21.46,61.629],[21.471,61.63],[21.485,61.64],[21.521,61.634]]],[[[21.209,62.946],[21.191,62.954],[21.183,62.95],[21.168,62.946],[21.147,62.953],[21.136,62.963],[21.136,62.967],[21.142,62.968],[21.148,62.966],[21.151,62.964],[21.155,62.968],[21.159,62.975],[21.153,62.98],[21.14,62.985],[21.132,62.993],[21.13,63.001],[21.136,63.007],[21.145,63.01],[21.152,63.01],[21.155,63.007],[21.16,63.004],[21.185,62.999],[21.196,62.994],[21.207,62.986],[21.216,62.975],[21.221,62.961],[21.222,62.951],[21.217,62.947],[21.209,62.946]]]]}},{"type":"Feature","properties":{"iso3":"LUX","name":"Luxembourg"},"geometry":{"type":"Polygon","coordinates":[[[6.117,50.12],[6.223,49.887],[6.503,49.796],[6.345,49.455],[5.961,49.441],[5.791,49.538],[5.885,49.644],[5.719,49.891],[5.962,50.166],[6.117,50.12]]]}},{"type":"Feature","properties":{"iso3":"BEL","name":"Belgium"},"geometry":{"type":"Polygon","coordinates":[[[2.522,51.088],[3.349,51.375],[3.422,51.238],[3.61,51.29],[3.927,51.206],[4.221,51.368],[4.308,51.271],[4.261,51.369],[4.411,51.357],[4.429,51.462],[4.63,51.418],[4.779,51.495],[4.823,51.414],[4.762,51.413],[4.91,51.392],[5.028,51.477],[5.215,51.259],[5.493,51.287],[5.829,51.156],[5.624,50.83],[6.249,50.614],[6.169,50.522],[6.337,50.481],[6.375,50.315],[6.157,50.223],[6.117,50.12],[5.962,50.166],[5.719,49.891],[5.88,49.658],[5.837,49.561],[5.456,49.499],[5.259,49.691],[4.849,49.794],[4.86,49.913],[4.784,49.958],[4.863,50.148],[4.465,49.936],[4.132,49.975],[4.21,50.06],[4.126,50.128],[4.198,50.258],[4.003,50.344],[3.697,50.298],[3.608,50.477],[3.271,50.527],[3.129,50.779],[2.787,50.723],[2.587,50.845],[2.608,50.961],[2.522,51.088]]]}},{"type":"Feature","properties":{"iso3":"ESP","name":"Spain"},"geometry":{"type":"MultiPolygon","coordinates":[[[[-5.341,35.847],[-5.399,35.925],[-5.283,35.912],[-5.341,35.847]]],[[[-2.948,35.33],[-2.922,35.288],[-2.913,35.277],[-2.913,35.277],[-2.943,35.268],[-2.964,35.286],[-2.967,35.314],[-2.948,35.33]]],[[[-1.794,43.386],[-1.747,43.291],[-1.404,43.243],[-1.457,43.045],[-1.286,43.109],[-1.15,43.006],[-0.76,42.947],[-0.569,42.773],[-0.323,42.843],[-0.039,42.685],[0.644,42.684],[0.656,42.838],[0.813,42.832],[1.343,42.709],[1.448,42.435],[1.707,42.503],[2.009,42.347],[2.277,42.429],[2.525,42.326],[2.934,42.47],[3.181,42.431],[3.187,42.35],[3.318,42.323],[3.119,42.218],[3.214,42.068],[3.195,41.888],[2.267,41.449],[2.131,41.304],[1.017,41.052],[0.714,40.815],[0.858,40.686],[0.677,40.565],[0.592,40.582],[0.733,40.634],[0.563,40.59],[-0.323,39.516],[-0.158,39.002],[0.235,38.742],[-0.51,38.338],[-0.504,38.207],[-0.624,38.162],[-0.761,37.796],[-0.856,37.742],[-0.705,37.62],[-1.106,37.532],[-1.324,37.562],[-1.671,37.363],[-1.813,37.207],[-1.9,36.941],[-2.127,36.736],[-2.362,36.837],[-2.561,36.819],[-2.718,36.682],[-2.933,36.752],[-4.403,36.724],[-4.659,36.508],[-5.187,36.411],[-5.339,36.141],[-5.425,36.18],[-5.439,36.063],[-5.612,36.006],[-6.037,36.19],[-6.31,36.534],[-6.179,36.514],[-6.395,36.637],[-6.433,36.751],[-6.195,36.932],[-6.345,36.901],[-6.388,36.808],[-6.5,36.96],[-6.893,37.167],[-6.853,37.295],[-6.963,37.234],[-6.928,37.172],[-7.414,37.193],[-7.53,37.567],[-7.273,37.977],[-7.024,38.023],[-6.948,38.197],[-7.104,38.174],[-7.359,38.446],[-7.27,38.738],[-7.056,38.855],[-6.973,39.014],[-7.258,39.211],[-7.314,39.457],[-7.557,39.68],[-7.021,39.694],[-6.88,40.009],[-7.043,40.181],[-6.794,40.356],[-6.857,40.442],[-6.816,40.857],[-6.942,41.016],[-6.804,41.064],[-6.647,41.268],[-6.321,41.411],[-6.206,41.57],[-6.542,41.659],[-6.524,41.867],[-6.609,41.962],[-7.16,41.986],[-7.219,41.879],[-7.443,41.806],[-7.722,41.899],[-7.897,41.858],[-7.906,41.914],[-8.18,41.811],[-8.23,41.905],[-8.095,42.041],[-8.204,42.07],[-8.222,42.154],[-8.627,42.051],[-8.881,41.893],[-8.895,42.119],[-8.623,42.347],[-8.868,42.256],[-8.655,42.441],[-8.844,42.404],[-8.943,42.469],[-8.827,42.462],[-8.731,42.688],[-9.026,42.543],[-9.03,42.708],[-8.888,42.831],[-9.1,42.758],[-9.135,42.918],[-9.273,42.893],[-9.28,43.055],[-9.108,43.141],[-9.218,43.155],[-8.933,43.235],[-8.988,43.283],[-8.83,43.341],[-8.693,43.293],[-8.331,43.406],[-8.21,43.313],[-8.175,43.416],[-8.305,43.451],[-8.169,43.492],[-8.333,43.472],[-8.313,43.567],[-7.909,43.766],[-7.858,43.668],[-7.686,43.793],[-7.692,43.727],[-7.367,43.68],[-7.271,43.561],[-7.044,43.559],[-7.045,43.479],[-6.944,43.566],[-6.069,43.57],[-5.852,43.663],[-5.677,43.561],[-5.394,43.555],[-5.414,43.507],[-4.482,43.384],[-3.827,43.497],[-3.769,43.479],[-3.811,43.425],[-3.579,43.518],[-3.432,43.467],[-3.461,43.412],[-3.008,43.321],[-2.947,43.431],[-2.769,43.453],[-2.691,43.368],[-2.128,43.287],[-1.794,43.386]]],[[[1.983,42.441],[1.961,42.444],[1.948,42.451],[1.946,42.464],[1.957,42.482],[1.968,42.486],[1.978,42.475],[1.988,42.458],[1.999,42.444],[1.996,42.443],[1.986,42.441],[1.983,42.441]]],[[[-17.934,27.852],[-17.879,27.815],[-17.979,27.643],[-18.16,27.722],[-17.934,27.852]]],[[[-15.392,28.03],[-15.378,27.852],[-15.578,27.734],[-15.821,27.922],[-15.706,28.167],[-15.409,28.18],[-15.392,28.03]]],[[[-17.31,28.207],[-17.098,28.101],[-17.258,28.025],[-17.343,28.098],[-17.31,28.207]]],[[[-16.428,28.15],[-16.546,28.024],[-16.693,28.0],[-16.916,28.355],[-16.141,28.583],[-16.356,28.381],[-16.428,28.15]]],[[[-13.973,28.736],[-13.824,28.682],[-13.934,28.244],[-14.343,28.051],[-14.507,28.071],[-14.224,28.219],[-13.973,28.736]]],[[[-17.756,28.819],[-17.721,28.731],[-17.837,28.455],[-17.997,28.78],[-17.911,28.856],[-17.756,28.819]]],[[[-13.483,29.24],[-13.418,29.209],[-13.482,28.999],[-13.775,28.84],[-13.867,28.865],[-13.781,29.065],[-13.537,29.138],[-13.483,29.24]]],[[[-13.487,29.285],[-13.478,29.266],[-13.492,29.243],[-13.517,29.226],[-13.541,29.229],[-13.541,29.237],[-13.526,29.251],[-13.518,29.274],[-13.508,29.289],[-13.487,29.285]]],[[[-0.733,37.748],[-0.742,37.726],[-0.74,37.702],[-0.726,37.665],[-0.747,37.684],[-0.751,37.713],[-0.75,37.746],[-0.755,37.774],[-0.749,37.775],[-0.748,37.773],[-0.748,37.77],[-0.747,37.768],[-0.744,37.764],[-0.738,37.754],[-0.733,37.748]]],[[[1.526,38.678],[1.383,38.642],[1.431,38.755],[1.526,38.678]]],[[[1.606,39.091],[1.623,39.029],[1.403,38.832],[1.217,38.885],[1.357,39.078],[1.606,39.091]]],[[[3.355,39.784],[3.474,39.75],[3.454,39.66],[3.253,39.386],[3.061,39.269],[2.959,39.363],[2.787,39.376],[2.682,39.559],[2.493,39.47],[2.351,39.576],[2.813,39.873],[3.179,39.969],[3.097,39.914],[3.207,39.893],[3.136,39.789],[3.355,39.784]]],[[[4.303,39.926],[4.337,39.867],[4.248,39.816],[3.831,39.936],[3.803,40.018],[4.105,40.079],[4.303,39.926]]],[[[2.985,39.166],[2.982,39.139],[2.962,39.116],[2.931,39.118],[2.914,39.152],[2.94,39.172],[2.981,39.186],[2.985,39.166]]],[[[-4.3,35.173],[-4.299,35.173],[-4.297,35.172],[-4.298,35.172],[-4.299,35.172],[-4.301,35.172],[-4.302,35.173],[-4.301,35.173],[-4.3,35.173]]],[[[-3.903,35.215],[-3.902,35.216],[-3.902,35.215],[-3.903,35.215],[-3.903,35.215],[-3.903,35.215]]],[[[-3.901,35.218],[-3.9,35.218],[-3.9,35.217],[-3.9,35.217],[-3.901,35.217],[-3.901,35.217],[-3.901,35.218],[-3.901,35.218]]],[[[-2.434,35.185],[-2.429,35.186],[-2.427,35.182],[-2.431,35.179],[-2.436,35.181],[-2.434,35.185]]],[[[-5.419,35.916],[-5.416,35.914],[-5.418,35.911],[-5.42,35.912],[-5.421,35.914],[-5.419,35.916]]]]}},{"type":"Feature","properties":{"iso3":"DNK","name":"Denmark"},"geometry":{"type":"MultiPolygon","coordinates":[[[[8.661,54.896],[8.682,55.133],[8.459,55.103],[8.489,55.197],[8.689,55.142],[8.618,55.438],[8.442,55.464],[8.313,55.583],[8.239,55.558],[8.313,55.469],[8.095,55.549],[8.182,55.729],[8.128,55.988],[8.194,55.812],[8.393,55.909],[8.248,56.09],[8.15,56.111],[8.108,56.024],[8.179,56.672],[8.22,56.709],[8.307,56.554],[8.566,56.579],[8.727,56.483],[8.763,56.563],[8.682,56.627],[9.063,56.813],[9.176,56.709],[9.061,56.566],[9.155,56.661],[9.276,56.633],[9.326,56.53],[9.373,56.565],[9.294,56.561],[9.306,56.695],[9.169,56.689],[9.243,56.747],[9.175,56.806],[9.2,56.939],[9.916,57.059],[9.796,57.106],[9.245,57.002],[9.115,57.059],[8.68,56.953],[8.491,56.794],[8.527,56.695],[8.408,56.689],[8.586,56.689],[8.56,56.593],[8.302,56.764],[8.244,56.777],[8.246,56.704],[8.248,56.812],[8.618,57.123],[9.412,57.165],[9.967,57.591],[10.649,57.737],[10.43,57.571],[10.547,57.435],[10.539,57.237],[10.347,57.01],[9.927,57.059],[10.314,56.983],[10.266,56.908],[10.341,56.717],[9.806,56.64],[10.334,56.704],[10.34,56.62],[10.183,56.47],[10.33,56.603],[10.47,56.521],[10.822,56.534],[10.964,56.448],[10.912,56.334],[10.739,56.155],[10.629,56.238],[10.548,56.101],[10.355,56.202],[10.491,56.216],[10.505,56.278],[10.403,56.298],[10.22,56.148],[10.278,56.018],[10.182,55.834],[9.867,55.852],[10.046,55.814],[10.005,55.701],[9.556,55.712],[9.854,55.627],[9.498,55.489],[9.66,55.478],[9.587,55.427],[9.71,55.249],[9.486,55.156],[9.56,55.085],[9.434,55.038],[9.731,54.995],[9.746,54.836],[9.615,54.933],[9.317,54.802],[8.661,54.896]]],[[[11.845,54.732],[11.811,54.655],[11.474,54.626],[10.999,54.787],[11.108,54.832],[11.032,54.919],[11.232,54.961],[11.595,54.811],[11.649,54.914],[11.845,54.732]]],[[[10.45,54.9],[10.519,54.852],[10.383,54.831],[10.189,54.977],[10.45,54.9]]],[[[12.417,55.03],[12.543,54.951],[12.115,54.907],[12.287,54.989],[12.251,55.061],[12.417,55.03]]],[[[10.011,54.976],[10.064,54.881],[9.968,54.86],[9.781,54.917],[9.758,54.982],[9.848,54.948],[9.799,55.017],[9.628,55.058],[9.793,55.081],[10.011,54.976]]],[[[10.855,55.044],[10.934,55.16],[10.909,55.03],[10.694,54.735],[10.601,54.838],[10.855,55.044]]],[[[15.151,55.133],[15.073,54.992],[14.684,55.101],[14.761,55.309],[15.151,55.133]]],[[[8.476,55.345],[8.452,55.34],[8.425,55.356],[8.402,55.38],[8.371,55.427],[8.364,55.449],[8.374,55.463],[8.408,55.468],[8.412,55.439],[8.429,55.434],[8.449,55.436],[8.463,55.427],[8.463,55.416],[8.45,55.393],[8.453,55.383],[8.46,55.372],[8.467,55.354],[8.476,55.345]]],[[[10.666,55.064],[10.066,55.092],[10.156,55.14],[10.004,55.197],[9.986,55.128],[9.885,55.349],[9.703,55.462],[9.812,55.441],[9.676,55.496],[10.308,55.618],[10.519,55.533],[10.42,55.459],[10.472,55.443],[10.609,55.493],[10.628,55.614],[10.742,55.487],[10.554,55.443],[10.698,55.44],[10.834,55.29],[10.773,55.287],[10.787,55.129],[10.666,55.064]]],[[[12.616,55.688],[12.675,55.601],[12.556,55.55],[12.52,55.619],[12.616,55.688]]],[[[10.559,55.866],[10.544,55.998],[10.669,55.88],[10.582,55.76],[10.512,55.825],[10.559,55.866]]],[[[12.04,54.893],[12.17,54.838],[11.961,54.694],[11.928,54.584],[11.91,54.722],[11.711,54.941],[11.883,54.982],[11.616,55.092],[11.827,55.051],[11.718,55.126],[11.807,55.147],[11.718,55.208],[11.261,55.201],[11.19,55.345],[11.088,55.359],[11.214,55.404],[11.081,55.513],[11.146,55.576],[10.93,55.66],[11.088,55.66],[10.875,55.743],[11.193,55.7],[11.352,55.756],[11.348,55.838],[11.511,55.908],[11.273,55.997],[11.768,55.971],[11.663,55.907],[11.718,55.811],[11.608,55.783],[11.739,55.797],[11.763,55.749],[11.657,55.731],[11.78,55.66],[11.954,55.854],[11.935,55.934],[12.052,55.737],[11.91,55.66],[12.06,55.654],[12.026,55.941],[11.866,55.973],[12.245,56.129],[12.622,56.044],[12.513,55.928],[12.602,55.709],[12.198,55.487],[12.465,55.29],[12.015,55.167],[12.177,55.105],[12.149,54.994],[11.897,54.995],[11.89,54.93],[12.04,54.893]]],[[[11.512,56.695],[11.51,56.71],[11.521,56.715],[11.606,56.72],[11.649,56.73],[11.649,56.722],[11.645,56.722],[11.642,56.721],[11.636,56.716],[11.618,56.711],[11.604,56.701],[11.593,56.69],[11.581,56.681],[11.564,56.677],[11.544,56.679],[11.525,56.685],[11.512,56.695]]],[[[8.826,56.744],[8.658,56.678],[8.515,56.738],[8.669,56.826],[8.652,56.894],[8.916,56.979],[8.826,56.744]]],[[[11.142,57.332],[11.197,57.303],[11.067,57.291],[11.029,57.202],[10.855,57.265],[11.142,57.332]]]]}},{"type":"Feature","properties":{"iso3":"POL","name":"Poland"},"geometry":{"type":"Polygon","coordinates":[[[18.833,49.51],[18.788,49.669],[18.618,49.714],[18.559,49.907],[18.292,49.908],[18.002,50.047],[18.032,50.003],[17.839,49.974],[17.633,50.106],[17.589,50.163],[17.748,50.218],[17.708,50.311],[17.43,50.24],[16.893,50.433],[17.015,50.218],[16.661,50.093],[16.344,50.37],[16.2,50.406],[16.426,50.568],[16.332,50.644],[15.982,50.604],[15.971,50.679],[15.792,50.743],[15.356,50.775],[15.27,50.953],[15.144,51.012],[14.961,50.993],[14.982,50.859],[14.81,50.858],[15.019,51.272],[14.945,51.449],[14.71,51.53],[14.732,51.658],[14.586,51.804],[14.761,52.077],[14.686,52.121],[14.712,52.236],[14.545,52.382],[14.645,52.577],[14.124,52.851],[14.144,52.96],[14.343,53.049],[14.442,53.252],[14.264,53.7],[14.294,53.749],[14.591,53.598],[14.624,53.653],[14.545,53.704],[14.631,53.852],[14.432,53.906],[14.319,53.818],[14.175,53.906],[16.179,54.263],[16.57,54.557],[17.337,54.749],[18.152,54.838],[18.752,54.69],[18.818,54.598],[18.456,54.788],[18.413,54.732],[18.523,54.647],[18.588,54.434],[18.886,54.35],[19.61,54.457],[22.698,54.343],[22.838,54.401],[23.449,54.155],[23.591,53.611],[23.894,53.152],[23.922,52.743],[23.392,52.51],[23.166,52.289],[23.637,52.084],[23.676,51.994],[23.543,51.593],[23.698,51.404],[23.635,51.305],[24.143,50.856],[23.958,50.808],[24.081,50.713],[24.108,50.541],[23.981,50.405],[23.682,50.368],[22.666,49.567],[22.738,49.275],[22.682,49.161],[22.853,49.085],[22.855,48.994],[22.041,49.197],[21.928,49.331],[21.601,49.426],[21.069,49.419],[20.919,49.29],[20.69,49.401],[20.318,49.392],[20.136,49.309],[20.05,49.173],[19.761,49.194],[19.769,49.393],[19.627,49.402],[19.443,49.602],[19.142,49.394],[18.962,49.389],[18.961,49.493],[18.833,49.51]]]}},{"type":"Feature","properties":{"iso3":"IRL","name":"Ireland"},"geometry":{"type":"MultiPolygon","coordinates":[[[[-7.247,55.069],[-7.405,55.004],[-7.543,54.742],[-7.93,54.697],[-7.708,54.604],[-8.174,54.462],[-7.856,54.211],[-7.327,54.114],[-7.153,54.224],[-7.192,54.335],[-7.018,54.413],[-6.788,54.203],[-6.64,54.168],[-6.631,54.042],[-6.355,54.111],[-6.107,54.014],[-6.36,54.016],[-6.378,53.935],[-6.243,53.865],[-6.23,53.657],[-6.077,53.555],[-6.195,53.461],[-6.062,53.367],[-6.218,53.347],[-6.097,53.286],[-5.994,52.957],[-6.366,52.344],[-6.496,52.364],[-6.373,52.323],[-6.347,52.197],[-6.597,52.18],[-6.806,52.213],[-6.764,52.261],[-6.932,52.125],[-6.997,52.289],[-6.955,52.179],[-7.017,52.138],[-7.6,52.101],[-7.545,52.055],[-7.59,51.991],[-7.85,51.98],[-8.021,51.824],[-8.246,51.803],[-8.187,51.893],[-8.409,51.892],[-8.297,51.766],[-8.558,51.706],[-8.498,51.693],[-8.532,51.611],[-8.758,51.645],[-8.696,51.577],[-9.121,51.563],[-9.224,51.487],[-9.381,51.474],[-9.32,51.535],[-9.443,51.56],[-9.82,51.446],[-9.546,51.611],[-9.848,51.549],[-9.459,51.684],[-9.56,51.762],[-9.627,51.685],[-10.156,51.583],[-9.981,51.732],[-9.581,51.878],[-10.136,51.741],[-10.235,51.851],[-10.341,51.788],[-10.396,51.885],[-10.254,51.909],[-10.266,51.988],[-9.758,52.152],[-10.437,52.097],[-10.45,52.189],[-10.172,52.287],[-10.101,52.241],[-10.06,52.31],[-9.738,52.248],[-9.869,52.273],[-9.834,52.375],[-9.95,52.412],[-9.635,52.474],[-9.648,52.57],[-8.751,52.673],[-8.961,52.694],[-8.943,52.775],[-9.286,52.591],[-9.581,52.666],[-9.936,52.557],[-9.499,52.753],[-9.354,52.933],[-9.478,52.94],[-9.272,53.147],[-9.073,53.118],[-9.128,53.159],[-8.936,53.146],[-8.895,53.221],[-9.046,53.221],[-8.943,53.262],[-9.022,53.275],[-9.512,53.228],[-9.555,53.291],[-9.612,53.236],[-9.553,53.385],[-9.807,53.302],[-9.902,53.324],[-9.799,53.42],[-10.177,53.413],[-10.012,53.482],[-10.18,53.555],[-9.697,53.598],[-9.908,53.646],[-9.908,53.762],[-9.566,53.796],[-9.622,53.817],[-9.56,53.865],[-9.944,53.879],[-9.916,53.954],[-9.788,53.916],[-9.899,54.025],[-9.834,54.112],[-9.971,54.079],[-9.908,54.118],[-10.011,54.218],[-10.117,54.096],[-10.06,54.222],[-10.115,54.235],[-9.998,54.304],[-9.881,54.263],[-9.977,54.242],[-9.91,54.204],[-9.765,54.256],[-9.846,54.321],[-9.786,54.338],[-9.268,54.304],[-9.141,54.146],[-9.051,54.289],[-8.511,54.208],[-8.621,54.256],[-8.47,54.277],[-8.57,54.306],[-8.519,54.327],[-8.664,54.359],[-8.467,54.475],[-8.21,54.502],[-8.271,54.524],[-8.121,54.647],[-8.457,54.565],[-8.419,54.641],[-8.673,54.619],[-8.798,54.692],[-8.408,54.763],[-8.558,54.818],[-8.491,54.852],[-8.326,54.832],[-8.457,55.003],[-8.32,55.034],[-8.278,55.161],[-8.156,55.124],[-7.977,55.222],[-8.004,55.174],[-7.856,55.139],[-7.799,55.256],[-7.703,55.099],[-7.695,55.207],[-7.788,55.219],[-7.644,55.273],[-7.526,55.116],[-7.661,54.958],[-7.456,55.056],[-7.524,55.29],[-7.257,55.284],[-7.384,55.386],[-6.94,55.239],[-7.247,55.069]]],[[[-9.663,53.275],[-9.638,53.251],[-9.658,53.233],[-9.692,53.226],[-9.71,53.239],[-9.714,53.253],[-9.719,53.26],[-9.72,53.266],[-9.71,53.275],[-9.699,53.281],[-9.685,53.282],[-9.671,53.281],[-9.663,53.275]]],[[[-9.964,53.954],[-9.958,53.881],[-10.266,53.982],[-9.976,54.021],[-9.964,53.954]]],[[[-8.525,55.01],[-8.484,54.976],[-8.566,54.976],[-8.525,55.01]]],[[[-9.817,51.639],[-9.807,51.64],[-9.799,51.637],[-9.807,51.63],[-9.814,51.628],[-9.892,51.611],[-9.903,51.614],[-9.918,51.619],[-9.916,51.629],[-9.901,51.637],[-9.882,51.641],[-9.858,51.642],[-9.824,51.639],[-9.817,51.639]]],[[[-10.313,51.926],[-10.302,51.925],[-10.298,51.918],[-10.305,51.911],[-10.323,51.903],[-10.362,51.892],[-10.396,51.89],[-10.406,51.884],[-10.426,51.882],[-10.429,51.89],[-10.412,51.904],[-10.361,51.926],[-10.352,51.931],[-10.333,51.931],[-10.326,51.93],[-10.318,51.925],[-10.313,51.926]]],[[[-9.648,53.102],[-9.645,53.103],[-9.641,53.102],[-9.642,53.094],[-9.661,53.091],[-9.779,53.123],[-9.811,53.138],[-9.801,53.146],[-9.777,53.147],[-9.752,53.135],[-9.74,53.135],[-9.716,53.138],[-9.697,53.137],[-9.671,53.131],[-9.663,53.123],[-9.672,53.116],[-9.672,53.109],[-9.648,53.102]]]]}},{"type":"Feature","properties":{"iso3":"GBR","name":"United Kingdom"},"geometry":{"type":"MultiPolygon","coordinates":[[[[-7.247,55.069],[-7.065,55.044],[-6.963,55.195],[-6.101,55.212],[-5.986,54.982],[-5.69,54.793],[-5.907,54.606],[-5.575,54.68],[-5.434,54.461],[-5.516,54.338],[-5.558,54.512],[-5.702,54.578],[-5.626,54.441],[-5.709,54.352],[-5.58,54.384],[-5.553,54.299],[-5.862,54.231],[-5.894,54.105],[-6.041,54.036],[-6.355,54.111],[-6.631,54.042],[-6.64,54.168],[-6.788,54.203],[-7.018,54.413],[-7.192,54.335],[-7.153,54.224],[-7.31,54.115],[-7.837,54.204],[-8.174,54.462],[-7.708,54.604],[-7.93,54.697],[-7.543,54.742],[-7.405,55.004],[-7.247,55.069]]],[[[-2.665,51.617],[-2.975,51.563],[-3.185,51.398],[-3.539,51.399],[-3.842,51.622],[-4.29,51.556],[-4.29,51.617],[-4.07,51.674],[-4.315,51.677],[-4.365,51.789],[-4.941,51.597],[-5.12,51.678],[-4.845,51.714],[-4.824,51.796],[-5.183,51.689],[-5.25,51.734],[-5.11,51.779],[-5.126,51.856],[-5.311,51.864],[-5.07,52.026],[-4.841,52.015],[-4.316,52.216],[-4.11,52.365],[-4.057,52.529],[-3.947,52.549],[-4.125,52.604],[-3.988,52.734],[-4.149,52.812],[-4.078,52.927],[-4.763,52.789],[-4.178,53.218],[-3.831,53.289],[-3.878,53.338],[-3.602,53.289],[-3.33,53.352],[-3.088,53.235],[-3.186,53.393],[-3.058,53.435],[-2.881,53.288],[-2.7,53.352],[-2.925,53.35],[-3.102,53.558],[-2.899,53.735],[-3.049,53.77],[-3.057,53.906],[-2.858,53.968],[-2.83,54.016],[-2.918,54.034],[-2.796,54.125],[-2.854,54.194],[-2.796,54.249],[-2.939,54.155],[-3.049,54.222],[-3.145,54.064],[-3.241,54.112],[-3.207,54.263],[-3.307,54.192],[-3.634,54.513],[-3.388,54.883],[-3.022,54.976],[-3.571,54.995],[-3.582,54.884],[-3.817,54.886],[-4.012,54.768],[-4.403,54.907],[-4.382,54.68],[-4.859,54.866],[-4.955,54.805],[-4.859,54.633],[-5.157,54.879],[-5.171,55.009],[-4.996,54.92],[-5.008,55.141],[-4.618,55.496],[-4.921,55.709],[-4.861,55.757],[-4.886,55.92],[-4.482,55.928],[-4.824,56.079],[-4.779,55.992],[-4.852,55.988],[-4.756,56.207],[-4.852,56.113],[-4.921,56.168],[-4.893,55.99],[-4.955,55.997],[-4.983,55.871],[-5.124,56.01],[-5.087,55.901],[-5.181,55.969],[-5.201,55.831],[-5.297,55.853],[-5.338,55.997],[-4.921,56.278],[-5.444,56.028],[-5.318,55.783],[-5.49,55.645],[-5.455,55.592],[-5.585,55.427],[-5.525,55.359],[-5.783,55.314],[-5.681,55.674],[-5.455,55.846],[-5.66,55.797],[-5.571,55.935],[-5.696,55.916],[-5.571,56.038],[-5.708,55.943],[-5.532,56.086],[-5.51,56.188],[-5.606,56.14],[-5.493,56.26],[-5.592,56.25],[-5.573,56.328],[-5.448,56.36],[-5.538,56.36],[-5.457,56.441],[-5.209,56.447],[-5.065,56.565],[-5.201,56.462],[-5.455,56.47],[-5.428,56.538],[-5.242,56.565],[-5.414,56.545],[-5.318,56.661],[-4.996,56.716],[-5.238,56.717],[-5.12,56.818],[-5.674,56.497],[-6.008,56.642],[-5.544,56.695],[-6.234,56.729],[-5.757,56.785],[-5.851,56.829],[-5.66,56.873],[-5.921,56.894],[-5.832,56.997],[-5.523,57.004],[-5.776,57.076],[-5.4,57.106],[-5.681,57.158],[-5.578,57.267],[-5.407,57.23],[-5.502,57.278],[-5.441,57.319],[-5.729,57.298],[-5.448,57.422],[-5.808,57.355],[-5.839,57.579],[-5.513,57.541],[-5.806,57.643],[-5.674,57.71],[-5.804,57.744],[-5.811,57.833],[-5.699,57.869],[-5.606,57.77],[-5.613,57.929],[-5.222,57.847],[-5.366,57.943],[-5.071,57.833],[-5.447,58.084],[-5.301,58.07],[-5.242,58.148],[-5.392,58.261],[-4.934,58.223],[-5.173,58.354],[-5.143,58.415],[-5.016,58.388],[-5.106,58.506],[-4.988,58.628],[-4.836,58.605],[-4.818,58.525],[-4.777,58.607],[-4.66,58.556],[-4.761,58.448],[-4.561,58.58],[-4.427,58.546],[-4.495,58.45],[-4.029,58.595],[-3.364,58.601],[-3.375,58.677],[-3.019,58.64],[-3.129,58.513],[-3.053,58.466],[-3.13,58.369],[-4.002,57.936],[-4.084,57.964],[-4.009,57.868],[-4.392,57.908],[-4.04,57.818],[-3.779,57.856],[-3.988,57.696],[-4.078,57.73],[-4.403,57.61],[-4.009,57.689],[-4.105,57.579],[-4.263,57.552],[-4.249,57.497],[-3.409,57.723],[-1.998,57.703],[-1.829,57.613],[-1.759,57.474],[-1.98,57.319],[-2.186,56.915],[-2.426,56.751],[-2.515,56.591],[-2.737,56.467],[-3.323,56.366],[-2.885,56.458],[-2.803,56.345],[-2.577,56.278],[-2.964,56.206],[-3.343,56.027],[-3.837,56.106],[-3.656,56.01],[-3.078,55.947],[-2.635,56.058],[-2.138,55.915],[-1.822,55.636],[-1.631,55.585],[-1.518,55.157],[-1.275,54.748],[-1.172,54.701],[-1.204,54.626],[-0.563,54.477],[-0.363,54.242],[-0.076,54.112],[-0.219,54.023],[0.131,53.573],[-0.26,53.735],[-0.726,53.701],[-0.279,53.707],[0.219,53.42],[0.357,53.146],[0.01,52.886],[0.385,52.768],[0.57,52.969],[1.275,52.929],[1.644,52.776],[1.747,52.625],[1.771,52.486],[1.582,52.081],[1.332,51.94],[1.158,52.029],[1.271,51.956],[1.069,51.953],[1.282,51.947],[1.2,51.878],[1.276,51.845],[1.065,51.775],[0.98,51.844],[0.699,51.72],[0.93,51.744],[0.924,51.588],[0.385,51.453],[0.695,51.477],[0.577,51.394],[0.977,51.349],[1.424,51.392],[1.384,51.152],[1.028,51.042],[0.98,50.918],[0.762,50.931],[0.271,50.747],[-0.27,50.831],[-0.79,50.73],[-0.939,50.843],[-1.083,50.781],[-1.069,50.844],[-1.165,50.844],[-1.151,50.781],[-1.466,50.918],[-1.317,50.8],[-1.559,50.719],[-2.039,50.74],[-2.083,50.699],[-1.953,50.677],[-1.965,50.602],[-2.398,50.646],[-2.453,50.528],[-2.865,50.734],[-3.368,50.617],[-3.464,50.679],[-3.487,50.459],[-3.556,50.432],[-3.487,50.405],[-3.661,50.221],[-4.054,50.3],[-4.201,50.459],[-4.29,50.397],[-4.194,50.322],[-4.694,50.343],[-5.002,50.144],[-5.053,50.196],[-5.126,50.096],[-5.057,50.061],[-5.191,49.959],[-5.475,50.13],[-5.705,50.052],[-5.685,50.162],[-5.315,50.254],[-5.05,50.429],[-5.016,50.538],[-4.845,50.514],[-4.921,50.589],[-4.792,50.595],[-4.577,50.775],[-4.526,51.015],[-4.317,51.001],[-4.208,51.076],[-4.229,51.192],[-3.769,51.248],[-3.022,51.192],[-2.975,51.384],[-2.389,51.75],[-2.665,51.617]]],[[[-1.083,50.713],[-1.279,50.583],[-1.569,50.658],[-1.319,50.772],[-1.083,50.713]]],[[[-0.96,50.808],[-0.96,50.802],[-0.955,50.799],[-0.946,50.792],[-0.939,50.788],[-0.939,50.781],[-1.021,50.788],[-1.021,50.795],[-0.999,50.801],[-0.973,50.83],[-0.96,50.829],[-0.95,50.824],[-0.948,50.818],[-0.951,50.812],[-0.96,50.808]]],[[[0.911,51.412],[0.932,51.398],[0.942,51.383],[0.936,51.371],[0.911,51.364],[0.795,51.371],[0.775,51.375],[0.758,51.386],[0.744,51.4],[0.734,51.412],[0.747,51.44],[0.754,51.446],[0.767,51.448],[0.891,51.421],[0.901,51.418],[0.911,51.412]]],[[[-4.577,53.272],[-4.573,53.267],[-4.564,53.26],[-4.558,53.253],[-4.564,53.242],[-4.572,53.239],[-4.582,53.242],[-4.602,53.253],[-4.623,53.276],[-4.633,53.283],[-4.641,53.284],[-4.67,53.283],[-4.677,53.285],[-4.694,53.303],[-4.694,53.31],[-4.667,53.324],[-4.656,53.32],[-4.644,53.32],[-4.626,53.321],[-4.619,53.317],[-4.604,53.308],[-4.59,53.298],[-4.581,53.285],[-4.577,53.272]]],[[[-4.098,53.31],[-4.043,53.303],[-4.098,53.25],[-4.413,53.132],[-4.385,53.182],[-4.493,53.179],[-4.571,53.275],[-4.571,53.393],[-4.325,53.42],[-4.203,53.298],[-4.098,53.31]]],[[[-6.236,55.311],[-6.185,55.307],[-6.174,55.304],[-6.172,55.293],[-6.178,55.281],[-6.188,55.269],[-6.195,55.263],[-6.193,55.271],[-6.193,55.276],[-6.192,55.279],[-6.188,55.284],[-6.211,55.295],[-6.236,55.297],[-6.261,55.295],[-6.284,55.297],[-6.273,55.303],[-6.261,55.308],[-6.25,55.31],[-6.236,55.311]]],[[[-5.071,55.509],[-5.118,55.44],[-5.305,55.462],[-5.393,55.647],[-5.198,55.704],[-5.071,55.509]]],[[[-5.03,55.749],[-5.2,55.911],[-5.081,55.88],[-5.03,55.749]]],[[[-6.03,55.729],[-6.287,55.578],[-6.319,55.628],[-6.243,55.66],[-6.325,55.715],[-6.25,55.777],[-6.504,55.681],[-6.445,55.849],[-6.318,55.887],[-6.311,55.818],[-6.14,55.941],[-6.03,55.729]]],[[[-6.206,56.103],[-6.138,56.125],[-6.174,56.044],[-6.27,56.038],[-6.206,56.103]]],[[[-5.798,56.113],[-5.689,56.112],[-5.962,55.805],[-6.062,55.809],[-6.075,55.916],[-5.886,55.976],[-5.983,56.009],[-5.798,56.113]]],[[[-5.688,56.202],[-5.681,56.195],[-5.674,56.179],[-5.694,56.169],[-5.725,56.163],[-5.749,56.161],[-5.738,56.177],[-5.722,56.187],[-5.688,56.202]]],[[[-5.633,56.263],[-5.628,56.26],[-5.623,56.258],[-5.618,56.258],[-5.613,56.263],[-5.611,56.249],[-5.618,56.235],[-5.628,56.221],[-5.637,56.189],[-5.648,56.195],[-5.667,56.222],[-5.656,56.232],[-5.645,56.256],[-5.633,56.263]]],[[[-5.633,56.319],[-5.621,56.324],[-5.598,56.322],[-5.585,56.326],[-5.59,56.314],[-5.6,56.305],[-5.605,56.297],[-5.599,56.284],[-5.622,56.276],[-5.64,56.283],[-5.647,56.299],[-5.633,56.319]]],[[[-5.558,56.414],[-5.527,56.414],[-5.512,56.415],[-5.503,56.421],[-5.518,56.404],[-5.536,56.392],[-5.558,56.386],[-5.585,56.387],[-5.58,56.396],[-5.574,56.403],[-5.558,56.414]]],[[[-6.16,56.47],[-6.212,56.468],[-6.237,56.47],[-6.264,56.483],[-6.253,56.493],[-6.242,56.5],[-6.23,56.503],[-6.215,56.504],[-6.201,56.495],[-6.171,56.481],[-6.16,56.47]]],[[[-6.819,56.538],[-6.729,56.53],[-6.882,56.444],[-6.99,56.504],[-6.819,56.538]]],[[[-5.688,56.435],[-5.809,56.319],[-6.267,56.263],[-6.366,56.322],[-6.021,56.382],[-6.203,56.38],[-6.017,56.504],[-6.338,56.552],[-6.151,56.652],[-5.688,56.435]]],[[[-6.459,56.678],[-6.469,56.668],[-6.483,56.648],[-6.49,56.64],[-6.497,56.634],[-6.505,56.63],[-6.514,56.627],[-6.527,56.627],[-6.564,56.599],[-6.616,56.575],[-6.633,56.572],[-6.657,56.578],[-6.669,56.578],[-6.674,56.569],[-6.678,56.558],[-6.687,56.564],[-6.696,56.576],[-6.702,56.586],[-6.674,56.588],[-6.648,56.603],[-6.603,56.644],[-6.591,56.652],[-6.559,56.665],[-6.536,56.671],[-6.506,56.685],[-6.49,56.689],[-6.462,56.691],[-6.453,56.688],[-6.459,56.678]]],[[[-7.394,57.01],[-7.557,56.953],[-7.449,57.059],[-7.394,57.01]]],[[[-6.325,57.059],[-6.243,57.01],[-6.276,56.953],[-6.455,57.004],[-6.325,57.059]]],[[[-6.606,57.052],[-6.591,57.059],[-6.556,57.07],[-6.537,57.073],[-6.526,57.067],[-6.502,57.064],[-6.49,57.059],[-6.516,57.051],[-6.548,57.048],[-6.58,57.048],[-6.606,57.052]]],[[[-5.959,57.284],[-5.985,57.29],[-6.008,57.304],[-6.014,57.317],[-5.99,57.326],[-5.956,57.322],[-5.929,57.307],[-5.925,57.292],[-5.959,57.284]]],[[[-7.244,57.326],[-7.195,57.306],[-7.257,57.237],[-7.353,57.243],[-7.26,57.16],[-7.346,57.148],[-7.216,57.114],[-7.353,57.1],[-7.455,57.237],[-7.39,57.312],[-7.428,57.388],[-7.244,57.326]]],[[[-7.264,57.483],[-7.205,57.419],[-7.408,57.446],[-7.264,57.483]]],[[[-6.064,57.347],[-5.993,57.507],[-5.989,57.347],[-6.064,57.347]]],[[[-5.968,57.518],[-5.984,57.522],[-5.99,57.533],[-5.987,57.546],[-5.976,57.559],[-5.98,57.561],[-5.98,57.562],[-5.983,57.566],[-5.976,57.572],[-5.969,57.577],[-5.962,57.577],[-5.955,57.572],[-5.968,57.534],[-5.968,57.518]]],[[[-7.129,57.653],[-7.099,57.607],[-7.216,57.634],[-7.126,57.571],[-7.312,57.552],[-7.158,57.511],[-7.545,57.593],[-7.312,57.689],[-7.129,57.653]]],[[[-6.564,57.347],[-6.784,57.456],[-6.716,57.514],[-6.607,57.444],[-6.631,57.502],[-6.564,57.504],[-6.64,57.607],[-6.311,57.463],[-6.416,57.646],[-6.311,57.703],[-6.154,57.59],[-6.188,57.394],[-6.099,57.332],[-6.154,57.306],[-5.647,57.265],[-6.007,57.028],[-5.845,57.188],[-6.044,57.23],[-6.089,57.127],[-6.164,57.201],[-6.318,57.161],[-6.277,57.202],[-6.482,57.312],[-6.324,57.311],[-6.531,57.415],[-6.564,57.347]]],[[[-7.223,57.71],[-7.18,57.735],[-7.161,57.737],[-7.152,57.726],[-7.17,57.715],[-7.199,57.708],[-7.223,57.71]]],[[[-8.621,57.833],[-8.605,57.826],[-8.569,57.824],[-8.552,57.819],[-8.569,57.808],[-8.591,57.805],[-8.611,57.813],[-8.621,57.833]]],[[[-7.045,57.902],[-7.048,57.891],[-7.055,57.884],[-7.066,57.881],[-7.079,57.88],[-7.077,57.889],[-7.077,57.891],[-7.078,57.891],[-7.079,57.895],[-7.038,57.916],[-7.016,57.922],[-6.997,57.915],[-6.997,57.894],[-7.009,57.89],[-7.045,57.902]]],[[[-6.873,58.217],[-6.863,58.216],[-6.86,58.217],[-6.86,58.223],[-6.872,58.227],[-6.882,58.236],[-6.886,58.248],[-6.88,58.258],[-6.861,58.253],[-6.829,58.234],[-6.819,58.237],[-6.81,58.232],[-6.802,58.226],[-6.796,58.219],[-6.791,58.21],[-6.873,58.21],[-6.873,58.217]]],[[[-6.955,57.744],[-7.125,57.837],[-6.839,57.936],[-7.113,57.99],[-6.935,58.052],[-7.058,58.039],[-7.113,58.182],[-6.907,58.217],[-6.86,58.107],[-6.869,58.189],[-6.709,58.189],[-6.819,58.285],[-6.223,58.499],[-6.167,58.347],[-6.366,58.237],[-6.16,58.217],[-6.4,58.21],[-6.373,58.141],[-6.619,58.086],[-6.407,58.107],[-6.352,58.039],[-6.545,58.018],[-6.455,57.977],[-6.537,57.921],[-6.661,57.929],[-6.709,58.004],[-6.592,58.059],[-6.688,58.059],[-6.764,58.004],[-6.661,57.88],[-6.787,57.899],[-6.742,57.831],[-6.955,57.744]]],[[[-2.953,58.84],[-2.884,58.832],[-2.94,58.731],[-3.036,58.82],[-2.953,58.84]]],[[[-3.248,58.792],[-3.132,58.806],[-3.299,58.779],[-3.433,58.885],[-3.246,58.896],[-3.173,58.82],[-3.248,58.792]]],[[[-2.728,58.971],[-2.839,58.883],[-2.981,58.96],[-3.203,58.916],[-3.228,59.039],[-3.289,58.95],[-3.367,59.016],[-3.324,59.127],[-3.183,59.147],[-2.994,59.073],[-3.117,58.998],[-2.728,58.971]]],[[[-2.542,59.121],[-2.686,59.089],[-2.618,59.128],[-2.666,59.155],[-2.542,59.121]]],[[[-3.005,59.128],[-3.12,59.177],[-2.953,59.183],[-3.005,59.128]]],[[[-2.83,59.197],[-2.761,59.252],[-2.734,59.148],[-2.83,59.197]]],[[[-2.446,59.293],[-2.693,59.192],[-2.612,59.293],[-2.446,59.293]]],[[[-3.049,59.32],[-2.965,59.361],[-2.83,59.252],[-3.049,59.32]]],[[[-1.651,59.529],[-1.644,59.546],[-1.625,59.556],[-1.603,59.56],[-1.583,59.56],[-1.582,59.555],[-1.584,59.554],[-1.586,59.554],[-1.589,59.552],[-1.604,59.551],[-1.608,59.547],[-1.61,59.539],[-1.597,59.539],[-1.597,59.532],[-1.613,59.527],[-1.631,59.517],[-1.645,59.514],[-1.651,59.529]]],[[[-0.785,60.615],[-0.856,60.567],[-0.939,60.629],[-0.785,60.615]]],[[[-1.097,60.416],[-1.034,60.451],[-1.125,60.384],[-1.07,60.36],[-1.172,60.348],[-1.09,60.273],[-1.219,60.238],[-1.124,60.15],[-1.213,60.107],[-1.165,60.06],[-1.275,59.854],[-1.376,59.909],[-1.268,60.245],[-1.411,60.259],[-1.35,60.211],[-1.455,60.156],[-1.504,60.243],[-1.625,60.217],[-1.69,60.285],[-1.364,60.286],[-1.26,60.355],[-1.395,60.39],[-1.446,60.492],[-1.609,60.483],[-1.527,60.557],[-1.384,60.512],[-1.48,60.539],[-1.301,60.643],[-1.37,60.402],[-1.218,60.498],[-1.152,60.431],[-1.224,60.411],[-1.097,60.416]]],[[[-0.987,60.698],[-0.993,60.636],[-1.062,60.663],[-1.024,60.503],[-1.154,60.508],[-1.114,60.715],[-0.987,60.698]]],[[[-0.905,60.684],[-0.966,60.69],[-0.939,60.8],[-0.772,60.833],[-0.822,60.685],[-0.905,60.684]]],[[[-6.299,49.935],[-6.292,49.932],[-6.284,49.923],[-6.288,49.914],[-6.297,49.91],[-6.309,49.914],[-6.307,49.927],[-6.299,49.935]]],[[[-6.334,49.96],[-6.328,49.957],[-6.326,49.949],[-6.333,49.942],[-6.341,49.945],[-6.348,49.956],[-6.349,49.964],[-6.342,49.964],[-6.337,49.961],[-6.334,49.96]]],[[[-4.665,51.184],[-4.664,51.177],[-4.663,51.165],[-4.67,51.16],[-4.679,51.167],[-4.68,51.181],[-4.676,51.193],[-4.671,51.195],[-4.667,51.188],[-4.665,51.184]]],[[[-13.69,57.596],[-13.691,57.597],[-13.691,57.597],[-13.69,57.598],[-13.689,57.598],[-13.688,57.597],[-13.688,57.597],[-13.689,57.596],[-13.69,57.596]]],[[[-1.315,60.094],[-1.308,60.094],[-1.305,60.087],[-1.31,60.076],[-1.318,60.066],[-1.327,60.051],[-1.334,60.044],[-1.339,60.044],[-1.338,60.051],[-1.334,60.062],[-1.333,60.074],[-1.335,60.076],[-1.336,60.07],[-1.338,60.064],[-1.354,60.051],[-1.368,60.045],[-1.37,60.049],[-1.357,60.058],[-1.352,60.07],[-1.348,60.083],[-1.338,60.093],[-1.34,60.1],[-1.347,60.105],[-1.346,60.109],[-1.328,60.111],[-1.321,60.116],[-1.316,60.115],[-1.315,60.106],[-1.322,60.093],[-1.323,60.088],[-1.315,60.094]]],[[[-2.053,60.156],[-2.049,60.147],[-2.048,60.129],[-2.063,60.118],[-2.087,60.123],[-2.105,60.132],[-2.112,60.138],[-2.11,60.145],[-2.103,60.15],[-2.088,60.155],[-2.065,60.157],[-2.053,60.156]]],[[[-1.063,60.164],[-1.084,60.105],[-1.135,60.179],[-1.063,60.164]]],[[[-0.919,60.386],[-0.913,60.387],[-0.911,60.382],[-0.918,60.377],[-0.931,60.368],[-0.949,60.356],[-0.976,60.34],[-1.015,60.334],[-1.034,60.34],[-1.029,60.346],[-1.024,60.349],[-1.022,60.354],[-1.016,60.362],[-1.006,60.369],[-0.995,60.372],[-0.984,60.372],[-0.974,60.376],[-0.968,60.381],[-0.932,60.383],[-0.922,60.385],[-0.919,60.386]]]]}},{"type":"Feature","properties":{"iso3":"AUT","name":"Austria"},"geometry":{"type":"Polygon","coordinates":[[[16.945,48.604],[16.844,48.366],[17.148,48.005],[17.004,47.863],[17.075,47.708],[16.797,47.675],[16.568,47.754],[16.408,47.661],[16.63,47.622],[16.689,47.538],[16.641,47.453],[16.434,47.397],[16.473,47.277],[16.413,47.187],[16.51,47.138],[16.425,47.024],[16.486,46.999],[16.275,47.004],[15.982,46.828],[16.017,46.671],[15.851,46.724],[15.636,46.718],[15.463,46.615],[15.062,46.65],[14.85,46.601],[14.54,46.379],[12.405,46.69],[12.267,46.868],[12.127,46.909],[12.181,47.085],[11.746,46.972],[11.174,46.964],[10.997,46.769],[10.486,46.846],[10.379,46.996],[10.111,46.847],[9.875,46.927],[9.858,47.015],[9.581,47.057],[9.521,47.263],[9.65,47.41],[9.547,47.535],[9.767,47.587],[10.023,47.488],[10.083,47.359],[10.209,47.372],[10.16,47.271],[10.428,47.396],[10.429,47.577],[10.859,47.531],[10.979,47.391],[11.237,47.394],[11.62,47.59],[12.174,47.605],[12.24,47.732],[12.497,47.629],[12.762,47.667],[12.779,47.555],[13.002,47.466],[13.072,47.659],[12.892,47.724],[12.991,47.847],[12.745,48.121],[13.406,48.377],[13.455,48.573],[13.717,48.522],[13.816,48.766],[14.075,48.592],[14.325,48.559],[14.458,48.643],[14.676,48.576],[14.8,48.777],[14.94,48.763],[14.982,49.008],[15.818,48.872],[16.085,48.743],[16.358,48.727],[16.52,48.806],[16.873,48.719],[16.945,48.604]]]}},{"type":"Feature","properties":{"iso3":"ITA","name":"Italy"},"geometry":{"type":"MultiPolygon","coordinates":[[[[7.022,45.925],[7.184,45.88],[7.541,45.984],[7.831,45.914],[8.111,46.127],[8.087,46.272],[8.399,46.452],[8.438,46.235],[8.809,46.09],[8.768,45.983],[8.871,45.947],[8.9,45.826],[9.002,45.821],[9.063,45.899],[9.002,46.039],[9.225,46.231],[9.282,46.497],[9.435,46.498],[9.536,46.299],[9.918,46.371],[10.076,46.22],[10.159,46.262],[10.092,46.329],[10.141,46.403],[10.026,46.446],[10.033,46.533],[10.192,46.627],[10.444,46.538],[10.459,46.624],[10.369,46.672],[10.454,46.864],[10.997,46.769],[11.174,46.964],[11.746,46.972],[12.181,47.085],[12.127,46.909],[12.267,46.868],[12.405,46.69],[13.701,46.52],[13.365,46.29],[13.41,46.208],[13.637,46.18],[13.462,46.006],[13.606,45.985],[13.566,45.83],[13.779,45.743],[13.895,45.632],[13.848,45.585],[13.712,45.593],[13.808,45.614],[13.574,45.79],[13.402,45.675],[13.369,45.745],[13.119,45.772],[13.085,45.642],[12.424,45.438],[12.582,45.553],[12.397,45.539],[12.154,45.313],[12.23,45.204],[12.307,45.231],[12.369,45.011],[12.369,45.066],[12.534,44.97],[12.445,44.821],[12.407,44.891],[12.416,44.803],[12.266,44.827],[12.369,44.251],[12.661,44.008],[13.616,43.56],[14.075,42.599],[14.709,42.175],[14.741,42.085],[15.165,41.928],[16.14,41.92],[16.193,41.791],[15.9,41.615],[15.961,41.459],[17.057,41.082],[17.476,40.83],[18.007,40.651],[18.516,40.139],[18.389,39.817],[18.072,39.912],[17.863,40.286],[17.399,40.331],[17.2,40.42],[17.323,40.498],[16.976,40.493],[16.605,40.084],[16.632,39.966],[16.49,39.775],[16.546,39.661],[17.159,39.406],[17.125,39.091],[17.206,39.029],[17.104,38.899],[16.935,38.939],[16.586,38.798],[16.57,38.43],[16.169,38.143],[16.09,37.949],[15.708,37.941],[15.635,38.009],[15.633,38.22],[15.813,38.301],[15.905,38.474],[15.837,38.649],[16.153,38.731],[16.222,38.857],[15.774,39.891],[15.624,40.078],[15.41,39.994],[15.261,40.029],[15.127,40.17],[14.911,40.242],[14.998,40.398],[14.782,40.67],[14.343,40.571],[14.474,40.73],[14.294,40.839],[14.048,40.79],[14.021,40.922],[13.722,41.252],[13.534,41.208],[13.286,41.296],[13.045,41.228],[12.894,41.399],[12.635,41.447],[12.239,41.736],[12.02,41.993],[11.827,42.034],[11.658,42.279],[11.377,42.407],[11.107,42.391],[11.188,42.48],[11.158,42.564],[10.944,42.743],[10.731,42.804],[10.764,42.918],[10.5,42.94],[10.528,43.247],[10.317,43.493],[10.252,43.847],[10.091,44.025],[9.845,44.109],[9.832,44.042],[9.231,44.354],[9.211,44.305],[8.762,44.432],[8.466,44.304],[8.068,43.897],[7.502,43.792],[7.478,43.866],[7.69,44.067],[7.656,44.176],[7.331,44.125],[6.973,44.249],[6.836,44.534],[6.96,44.683],[7.055,44.685],[7.005,44.828],[6.745,44.908],[6.603,45.103],[7.108,45.259],[7.161,45.411],[6.983,45.511],[6.963,45.641],[6.782,45.777],[7.022,45.925]],[[12.429,43.892],[12.482,43.983],[12.396,43.948],[12.429,43.892]],[[12.453,41.903],[12.454,41.903],[12.454,41.904],[12.453,41.904],[12.453,41.903],[12.453,41.903],[12.453,41.903]]],[[[12.0,36.836],[12.031,36.741],[11.925,36.812],[12.0,36.836]]],[[[12.273,37.94],[12.287,37.939],[12.297,37.941],[12.305,37.945],[12.314,37.946],[12.321,37.94],[12.337,37.933],[12.355,37.927],[12.369,37.925],[12.358,37.914],[12.342,37.913],[12.326,37.918],[12.314,37.925],[12.3,37.919],[12.288,37.922],[12.279,37.929],[12.273,37.94]]],[[[15.529,38.303],[15.648,38.267],[15.213,37.761],[15.092,37.477],[15.104,37.33],[15.252,37.258],[15.183,37.207],[15.332,37.012],[15.158,36.924],[15.094,36.655],[14.487,36.793],[14.209,37.081],[13.894,37.101],[13.174,37.487],[12.659,37.565],[12.427,37.797],[12.493,38.021],[12.705,38.111],[12.732,38.193],[12.901,38.028],[13.061,38.083],[13.101,38.19],[13.318,38.221],[13.391,38.103],[13.791,37.974],[14.021,38.049],[14.512,38.044],[14.907,38.188],[15.088,38.128],[15.237,38.265],[15.292,38.207],[15.529,38.303]]],[[[14.966,38.433],[14.966,38.419],[14.982,38.412],[14.994,38.403],[15.002,38.391],[15.007,38.378],[14.999,38.371],[14.987,38.364],[14.964,38.382],[14.948,38.396],[14.945,38.412],[14.959,38.433],[14.966,38.433]]],[[[14.908,38.474],[14.899,38.482],[14.901,38.499],[14.91,38.515],[14.925,38.522],[14.958,38.522],[14.966,38.516],[14.959,38.502],[14.966,38.498],[14.974,38.49],[14.979,38.488],[14.979,38.481],[14.953,38.481],[14.958,38.47],[14.961,38.465],[14.966,38.461],[14.966,38.453],[14.949,38.451],[14.935,38.459],[14.922,38.469],[14.908,38.474]]],[[[14.863,38.549],[14.862,38.539],[14.824,38.552],[14.794,38.572],[14.815,38.584],[14.851,38.585],[14.867,38.581],[14.877,38.57],[14.872,38.565],[14.869,38.56],[14.863,38.549]]],[[[8.456,39.074],[8.41,38.962],[8.346,39.098],[8.456,39.074]]],[[[8.306,39.193],[8.269,39.1],[8.23,39.173],[8.306,39.193]]],[[[13.945,40.702],[13.935,40.706],[13.92,40.704],[13.903,40.7],[13.89,40.694],[13.882,40.7],[13.86,40.708],[13.849,40.715],[13.856,40.735],[13.862,40.744],[13.87,40.749],[13.867,40.753],[13.863,40.762],[13.883,40.762],[13.946,40.745],[13.966,40.735],[13.963,40.729],[13.962,40.723],[13.966,40.715],[13.959,40.712],[13.945,40.702]]],[[[8.275,41.057],[8.251,41.044],[8.251,41.016],[8.246,40.994],[8.21,40.996],[8.218,41.005],[8.222,41.014],[8.223,41.024],[8.223,41.034],[8.229,41.042],[8.241,41.052],[8.261,41.065],[8.276,41.07],[8.278,41.082],[8.276,41.095],[8.278,41.106],[8.284,41.107],[8.302,41.105],[8.306,41.109],[8.308,41.114],[8.313,41.119],[8.326,41.126],[8.326,41.118],[8.328,41.112],[8.332,41.106],[8.342,41.098],[8.345,41.086],[8.341,41.074],[8.332,41.065],[8.275,41.057]]],[[[9.792,40.557],[9.809,40.471],[9.626,40.263],[9.732,40.084],[9.566,39.149],[9.519,39.105],[9.014,39.264],[9.08,39.225],[9.026,38.995],[8.853,38.878],[8.717,38.933],[8.641,38.864],[8.56,39.057],[8.373,39.222],[8.444,39.757],[8.566,39.701],[8.504,39.722],[8.554,39.864],[8.395,39.913],[8.377,40.034],[8.49,40.104],[8.38,40.469],[8.292,40.595],[8.147,40.593],[8.193,40.964],[8.31,40.851],[8.521,40.827],[8.823,40.947],[9.231,41.263],[9.422,41.181],[9.443,41.092],[9.56,41.126],[9.512,41.016],[9.663,41.003],[9.504,40.927],[9.724,40.845],[9.658,40.8],[9.792,40.557]]],[[[10.896,42.387],[10.913,42.375],[10.927,42.353],[10.93,42.341],[10.94,42.331],[10.923,42.319],[10.909,42.325],[10.872,42.354],[10.862,42.366],[10.876,42.374],[10.876,42.387],[10.883,42.392],[10.896,42.387]]],[[[10.443,42.845],[10.416,42.709],[10.101,42.784],[10.443,42.845]]],[[[9.84,43.065],[9.842,43.063],[9.844,43.061],[9.848,43.059],[9.855,43.044],[9.842,43.025],[9.823,43.008],[9.801,43.008],[9.785,43.028],[9.807,43.066],[9.826,43.075],[9.84,43.065]]],[[[12.352,45.405],[12.431,45.416],[12.321,45.348],[12.352,45.405]]],[[[12.86,35.872],[12.867,35.872],[12.874,35.866],[12.877,35.856],[12.873,35.852],[12.857,35.852],[12.851,35.856],[12.846,35.863],[12.847,35.868],[12.854,35.871],[12.86,35.872]]],[[[14.346,38.535],[14.343,38.547],[14.357,38.551],[14.361,38.539],[14.346,38.535]]],[[[14.576,38.577],[14.58,38.566],[14.585,38.561],[14.585,38.557],[14.574,38.557],[14.552,38.562],[14.544,38.575],[14.542,38.587],[14.546,38.588],[14.564,38.585],[14.576,38.577]]],[[[13.169,38.717],[13.186,38.718],[13.196,38.711],[13.197,38.708],[13.177,38.693],[13.165,38.691],[13.153,38.695],[13.153,38.702],[13.158,38.71],[13.169,38.717]]],[[[15.228,38.81],[15.235,38.808],[15.239,38.804],[15.237,38.796],[15.232,38.789],[15.23,38.783],[15.225,38.777],[15.217,38.773],[15.206,38.775],[15.187,38.789],[15.187,38.793],[15.194,38.798],[15.204,38.802],[15.209,38.806],[15.212,38.81],[15.219,38.812],[15.228,38.81]]],[[[13.419,40.796],[13.424,40.8],[13.432,40.801],[13.427,40.791],[13.415,40.786],[13.419,40.796]]],[[[12.622,35.51],[12.621,35.508],[12.624,35.502],[12.621,35.492],[12.611,35.489],[12.603,35.491],[12.598,35.494],[12.594,35.494],[12.556,35.508],[12.536,35.513],[12.526,35.517],[12.534,35.522],[12.556,35.521],[12.567,35.519],[12.613,35.515],[12.621,35.513],[12.624,35.512],[12.622,35.51]]],[[[12.072,37.968],[12.078,37.96],[12.079,37.95],[12.065,37.951],[12.048,37.961],[12.037,37.974],[12.03,37.984],[12.036,37.991],[12.054,37.992],[12.064,37.986],[12.072,37.968]]],[[[9.475,41.236],[9.478,41.228],[9.48,41.224],[9.479,41.217],[9.471,41.19],[9.474,41.184],[9.475,41.179],[9.47,41.172],[9.464,41.173],[9.456,41.181],[9.449,41.186],[9.442,41.183],[9.437,41.186],[9.448,41.205],[9.444,41.211],[9.446,41.22],[9.454,41.234],[9.46,41.242],[9.468,41.241],[9.475,41.236]]],[[[9.431,41.225],[9.434,41.221],[9.435,41.217],[9.395,41.211],[9.377,41.213],[9.373,41.222],[9.373,41.23],[9.378,41.234],[9.385,41.237],[9.392,41.241],[9.396,41.248],[9.398,41.256],[9.402,41.258],[9.408,41.258],[9.414,41.262],[9.422,41.261],[9.427,41.254],[9.431,41.246],[9.43,41.238],[9.429,41.229],[9.431,41.225]]],[[[10.297,42.345],[10.306,42.352],[10.316,42.341],[10.313,42.324],[10.294,42.328],[10.297,42.345]]],[[[10.092,42.596],[10.096,42.591],[10.098,42.588],[10.098,42.584],[10.095,42.577],[10.086,42.572],[10.072,42.573],[10.059,42.576],[10.05,42.582],[10.053,42.589],[10.063,42.592],[10.073,42.6],[10.079,42.614],[10.084,42.615],[10.088,42.604],[10.092,42.596]]],[[[12.33,45.459],[12.347,45.459],[12.364,45.45],[12.362,45.438],[12.352,45.434],[12.337,45.427],[12.321,45.43],[12.317,45.443],[12.33,45.459]]]]}},{"type":"Feature","properties":{"iso3":"CHE","name":"Switzerland"},"geometry":{"type":"Polygon","coordinates":[[[10.454,46.864],[10.369,46.672],[10.459,46.624],[10.444,46.538],[10.192,46.627],[10.033,46.533],[10.026,46.446],[10.141,46.403],[10.118,46.231],[10.043,46.22],[9.918,46.371],[9.536,46.299],[9.435,46.498],[9.263,46.485],[9.225,46.231],[9.002,46.039],[9.063,45.899],[9.002,45.821],[8.9,45.826],[8.871,45.947],[8.768,45.983],[8.809,46.09],[8.438,46.235],[8.399,46.452],[8.087,46.272],[8.111,46.127],[7.831,45.914],[7.541,45.984],[7.067,45.89],[6.774,46.135],[6.787,46.414],[6.614,46.456],[6.302,46.394],[6.214,46.315],[6.281,46.24],[5.959,46.13],[5.959,46.212],[6.09,46.246],[6.136,46.359],[6.054,46.419],[6.118,46.583],[6.429,46.761],[6.443,46.944],[6.665,47.021],[7.037,47.33],[6.867,47.354],[6.973,47.489],[7.181,47.488],[7.238,47.417],[7.637,47.595],[7.683,47.544],[8.561,47.589],[8.607,47.656],[8.391,47.665],[8.558,47.801],[8.717,47.695],[9.183,47.67],[9.547,47.535],[9.65,47.41],[9.487,47.21],[9.477,47.064],[9.858,47.015],[9.875,46.927],[10.111,46.847],[10.379,46.996],[10.454,46.864]]]}},{"type":"Feature","properties":{"iso3":"NLD","name":"Netherlands"},"geometry":{"type":"MultiPolygon","coordinates":[[[[7.195,53.245],[7.193,52.998],[7.037,52.647],[6.737,52.635],[6.672,52.542],[6.715,52.462],[6.973,52.451],[7.048,52.365],[7.026,52.231],[6.673,52.05],[6.811,51.961],[6.345,51.821],[6.127,51.897],[6.156,51.842],[5.931,51.816],[6.205,51.458],[6.057,51.212],[6.147,51.152],[5.852,51.043],[5.875,50.965],[6.064,50.908],[5.995,50.75],[5.707,50.754],[5.624,50.83],[5.829,51.156],[5.493,51.287],[5.215,51.259],[5.028,51.477],[4.91,51.392],[4.762,51.413],[4.823,51.414],[4.779,51.495],[4.63,51.418],[4.483,51.474],[4.377,51.443],[4.392,51.35],[3.999,51.453],[3.827,51.391],[3.451,51.53],[3.851,51.611],[4.105,51.446],[4.283,51.448],[3.988,51.59],[4.207,51.59],[4.113,51.639],[4.177,51.686],[3.862,51.816],[4.078,51.844],[4.016,51.988],[4.142,52.006],[4.508,52.336],[4.745,52.968],[4.874,52.904],[5.078,52.954],[5.379,53.097],[5.592,53.303],[5.981,53.406],[6.829,53.451],[6.901,53.352],[7.195,53.245]]],[[[3.349,51.375],[4.221,51.364],[3.809,51.205],[3.635,51.288],[3.392,51.247],[3.349,51.375]]],[[[-68.212,12.228],[-68.243,12.022],[-68.303,12.203],[-68.417,12.257],[-68.377,12.31],[-68.212,12.228]]],[[[-62.997,17.526],[-62.984,17.518],[-62.977,17.504],[-62.965,17.499],[-62.945,17.485],[-62.949,17.472],[-62.959,17.465],[-62.981,17.468],[-62.995,17.492],[-62.997,17.526]]],[[[4.037,51.686],[4.089,51.644],[3.96,51.624],[3.689,51.725],[4.037,51.686]]],[[[4.893,53.111],[4.796,53.0],[4.708,53.028],[4.854,53.188],[4.893,53.111]]],[[[4.879,53.221],[4.921,53.254],[4.987,53.29],[5.054,53.314],[5.105,53.31],[5.105,53.303],[5.078,53.303],[5.066,53.298],[5.036,53.292],[4.958,53.246],[4.936,53.226],[4.91,53.212],[4.879,53.221]]],[[[5.424,53.43],[5.437,53.436],[5.585,53.454],[5.562,53.434],[5.534,53.428],[5.475,53.427],[5.477,53.424],[5.48,53.416],[5.482,53.413],[5.469,53.409],[5.427,53.406],[5.382,53.395],[5.347,53.389],[5.208,53.353],[5.18,53.353],[5.168,53.368],[5.179,53.385],[5.232,53.397],[5.25,53.406],[5.273,53.406],[5.407,53.423],[5.424,53.43]]],[[[5.674,53.468],[5.914,53.474],[5.955,53.461],[5.856,53.447],[5.753,53.447],[5.727,53.443],[5.679,53.43],[5.654,53.434],[5.636,53.449],[5.642,53.463],[5.659,53.472],[5.674,53.468]]],[[[6.212,53.509],[6.339,53.502],[6.133,53.454],[6.212,53.509]]],[[[6.441,53.557],[6.455,53.558],[6.51,53.544],[6.506,53.544],[6.502,53.543],[6.499,53.54],[6.496,53.536],[6.461,53.543],[6.443,53.55],[6.441,53.557]]],[[[-63.238,17.647],[-63.23,17.642],[-63.224,17.629],[-63.229,17.618],[-63.238,17.615],[-63.251,17.624],[-63.249,17.64],[-63.238,17.647]]]]}},{"type":"Feature","properties":{"iso3":"PRT","name":"Portugal"},"geometry":{"type":"MultiPolygon","coordinates":[[[[-7.105,38.827],[-7.27,38.738],[-7.359,38.446],[-7.104,38.174],[-6.948,38.197],[-7.024,38.023],[-7.273,37.977],[-7.53,37.567],[-7.4,37.172],[-7.82,36.999],[-8.58,37.124],[-8.998,37.021],[-8.752,37.731],[-8.809,37.723],[-8.805,37.902],[-8.895,37.953],[-8.774,38.187],[-8.795,38.359],[-8.943,38.481],[-8.607,38.419],[-8.736,38.452],[-8.773,38.565],[-8.788,38.481],[-9.231,38.419],[-9.184,38.552],[-9.253,38.665],[-9.108,38.659],[-8.943,38.776],[-9.012,38.913],[-8.765,39.098],[-8.936,39.041],[-9.113,38.714],[-9.472,38.702],[-9.497,38.81],[-9.351,39.197],[-9.409,39.375],[-9.218,39.406],[-9.09,39.579],[-8.868,40.125],[-8.785,40.119],[-8.908,40.201],[-8.753,40.641],[-8.573,40.756],[-8.668,40.747],[-8.655,40.845],[-8.751,40.653],[-8.648,41.153],[-8.737,41.25],[-8.831,41.672],[-8.696,41.722],[-8.88,41.737],[-8.868,41.859],[-8.627,42.051],[-8.222,42.154],[-8.204,42.07],[-8.095,42.041],[-8.232,41.886],[-8.093,41.807],[-7.906,41.914],[-7.897,41.858],[-7.722,41.899],[-7.443,41.806],[-7.219,41.879],[-7.16,41.986],[-6.609,41.962],[-6.524,41.867],[-6.542,41.659],[-6.206,41.57],[-6.321,41.411],[-6.647,41.268],[-6.804,41.064],[-6.942,41.016],[-6.816,40.857],[-6.857,40.442],[-6.794,40.356],[-7.043,40.181],[-6.88,40.009],[-7.021,39.694],[-7.557,39.68],[-7.314,39.457],[-7.327,39.341],[-7.167,39.113],[-6.986,39.067],[-7.105,38.827]]],[[[-16.487,32.492],[-16.522,32.539],[-16.53,32.549],[-16.537,32.558],[-16.541,32.569],[-16.542,32.581],[-16.525,32.567],[-16.507,32.544],[-16.492,32.517],[-16.487,32.492]]],[[[-16.789,32.687],[-16.977,32.647],[-17.252,32.815],[-17.185,32.874],[-16.92,32.841],[-16.673,32.759],[-16.789,32.687]]],[[[-16.34,33.057],[-16.353,33.044],[-16.364,33.034],[-16.378,33.032],[-16.398,33.04],[-16.398,33.047],[-16.388,33.047],[-16.38,33.051],[-16.374,33.058],[-16.362,33.09],[-16.341,33.106],[-16.317,33.111],[-16.296,33.101],[-16.289,33.109],[-16.29,33.079],[-16.286,33.068],[-16.275,33.06],[-16.311,33.066],[-16.326,33.066],[-16.34,33.057]]],[[[-7.956,36.981],[-7.904,36.975],[-7.884,36.981],[-7.86,37.0],[-7.858,36.997],[-7.856,36.994],[-7.853,36.987],[-7.859,36.983],[-7.86,36.981],[-7.878,36.971],[-7.904,36.966],[-7.931,36.966],[-7.956,36.973],[-7.956,36.981]]],[[[-25.067,37.021],[-25.027,36.934],[-25.202,36.99],[-25.067,37.021]]],[[[-25.198,37.864],[-25.157,37.755],[-25.506,37.707],[-25.859,37.854],[-25.765,37.912],[-25.554,37.83],[-25.198,37.864]]],[[[-28.109,38.447],[-28.054,38.399],[-28.46,38.406],[-28.549,38.529],[-28.375,38.55],[-28.109,38.447]]],[[[-28.61,38.597],[-28.623,38.522],[-28.727,38.515],[-28.842,38.599],[-28.61,38.597]]],[[[-27.891,38.604],[-27.796,38.542],[-28.035,38.59],[-28.316,38.755],[-27.891,38.604]]],[[[-27.02,38.694],[-27.228,38.641],[-27.392,38.759],[-27.144,38.796],[-27.02,38.694]]],[[[-27.983,39.015],[-28.055,39.098],[-27.942,39.053],[-27.983,39.015]]],[[[-31.208,39.509],[-31.139,39.4],[-31.255,39.358],[-31.281,39.443],[-31.208,39.509]]],[[[-31.117,39.728],[-31.083,39.723],[-31.08,39.693],[-31.1,39.664],[-31.132,39.659],[-31.133,39.665],[-31.149,39.696],[-31.153,39.701],[-31.15,39.711],[-31.141,39.721],[-31.129,39.727],[-31.117,39.728]]],[[[-16.028,30.034],[-16.023,30.032],[-16.023,30.029],[-16.027,30.03],[-16.028,30.034]]],[[[-15.864,30.153],[-15.855,30.147],[-15.855,30.14],[-15.86,30.133],[-15.863,30.135],[-15.87,30.136],[-15.875,30.138],[-15.874,30.14],[-15.874,30.142],[-15.873,30.144],[-15.864,30.153]]],[[[-9.041,38.868],[-9.035,38.871],[-9.035,38.864],[-9.041,38.849],[-9.055,38.833],[-9.073,38.818],[-9.08,38.82],[-9.071,38.838],[-9.061,38.852],[-9.05,38.862],[-9.044,38.866],[-9.041,38.868]]]]}},{"type":"Feature","properties":{"iso3":"ISL","name":"Iceland"},"geometry":{"type":"MultiPolygon","coordinates":[[[[-14.564,66.385],[-14.991,66.286],[-14.952,66.193],[-15.179,66.111],[-15.076,66.05],[-14.719,66.07],[-14.617,65.998],[-14.65,65.888],[-14.891,65.761],[-14.788,65.796],[-14.844,65.735],[-14.329,65.782],[-14.395,65.722],[-14.274,65.673],[-14.562,65.501],[-14.32,65.652],[-14.192,65.632],[-14.248,65.665],[-13.61,65.514],[-13.671,65.378],[-13.836,65.364],[-13.73,65.327],[-14.007,65.282],[-13.568,65.261],[-14.034,65.2],[-13.627,65.2],[-13.747,65.145],[-13.627,65.104],[-13.52,65.172],[-13.585,65.008],[-13.782,64.989],[-14.034,65.083],[-14.233,65.035],[-13.718,64.94],[-14.055,64.933],[-13.788,64.877],[-13.966,64.836],[-13.839,64.799],[-14.271,64.699],[-14.514,64.802],[-14.274,64.651],[-14.493,64.658],[-14.409,64.61],[-14.572,64.597],[-14.532,64.556],[-14.346,64.606],[-14.541,64.408],[-14.747,64.384],[-14.569,64.418],[-14.713,64.432],[-14.953,64.319],[-14.878,64.281],[-14.929,64.265],[-15.226,64.268],[-15.473,64.398],[-15.364,64.337],[-15.398,64.274],[-15.992,64.144],[-16.47,63.905],[-16.783,63.863],[-16.796,63.802],[-16.93,63.866],[-16.967,63.788],[-16.969,63.92],[-17.006,63.798],[-17.55,63.788],[-17.721,63.706],[-17.625,63.747],[-17.715,63.781],[-17.967,63.676],[-17.797,63.671],[-17.969,63.623],[-17.858,63.61],[-17.965,63.523],[-18.195,63.473],[-18.119,63.534],[-18.317,63.549],[-18.184,63.464],[-18.732,63.397],[-19.736,63.549],[-20.186,63.544],[-20.551,63.712],[-20.311,63.733],[-20.442,63.788],[-20.411,63.836],[-20.578,63.714],[-20.77,63.774],[-20.606,63.768],[-20.716,63.781],[-20.686,63.863],[-20.818,63.781],[-21.168,63.876],[-21.195,63.932],[-21.045,63.946],[-21.236,63.953],[-21.299,63.918],[-21.209,63.884],[-21.367,63.85],[-22.691,63.812],[-22.731,63.891],[-22.635,63.949],[-22.73,63.975],[-22.702,64.086],[-22.518,63.979],[-22.041,64.051],[-21.963,64.076],[-22.035,64.113],[-21.915,64.124],[-22.045,64.158],[-21.703,64.192],[-21.929,64.234],[-21.755,64.345],[-21.425,64.376],[-22.1,64.315],[-21.86,64.391],[-22.045,64.405],[-21.975,64.504],[-21.703,64.611],[-21.497,64.57],[-21.682,64.617],[-21.511,64.651],[-22.039,64.567],[-22.165,64.46],[-22.443,64.666],[-22.189,64.74],[-22.402,64.676],[-22.32,64.754],[-22.436,64.768],[-22.408,64.823],[-22.658,64.767],[-23.555,64.82],[-23.834,64.726],[-24.06,64.891],[-23.263,64.926],[-23.169,65.02],[-23.087,65.015],[-23.163,64.953],[-23.107,64.918],[-23.021,65.013],[-22.718,65.076],[-22.751,65.028],[-22.58,64.98],[-22.628,65.015],[-22.545,65.052],[-21.826,65.035],[-21.766,65.208],[-22.034,65.115],[-22.558,65.169],[-22.457,65.178],[-22.552,65.186],[-22.429,65.268],[-21.695,65.453],[-21.976,65.44],[-22.114,65.529],[-22.254,65.434],[-22.387,65.492],[-22.107,65.597],[-22.479,65.508],[-22.546,65.634],[-22.547,65.561],[-22.656,65.528],[-22.759,65.63],[-22.732,65.502],[-22.888,65.541],[-22.802,65.601],[-22.953,65.61],[-22.985,65.551],[-23.183,65.576],[-23.231,65.487],[-23.898,65.405],[-23.986,65.474],[-24.54,65.508],[-24.303,65.638],[-23.807,65.535],[-24.087,65.651],[-23.807,65.61],[-24.081,65.706],[-24.093,65.805],[-23.628,65.706],[-23.562,65.614],[-23.285,65.679],[-23.539,65.723],[-23.19,65.782],[-23.729,65.774],[-23.867,65.876],[-23.801,65.926],[-23.21,65.843],[-23.813,66.011],[-23.751,66.077],[-23.375,65.988],[-23.67,66.117],[-23.395,66.098],[-23.601,66.145],[-23.461,66.204],[-23.028,66.109],[-22.977,66.034],[-23.059,65.967],[-22.929,66.049],[-22.84,66.022],[-22.943,65.947],[-22.823,66.005],[-22.819,65.912],[-22.764,66.049],[-22.683,66.056],[-22.577,65.973],[-22.648,65.834],[-22.517,65.976],[-22.422,65.926],[-22.432,65.846],[-22.361,65.92],[-22.484,66.029],[-22.381,66.098],[-22.978,66.234],[-22.368,66.275],[-22.71,66.296],[-22.608,66.371],[-23.139,66.328],[-23.176,66.365],[-23.025,66.392],[-23.135,66.433],[-22.874,66.424],[-22.95,66.467],[-22.431,66.465],[-22.202,66.337],[-22.217,66.268],[-21.75,66.186],[-21.668,66.022],[-21.549,66.098],[-21.535,66.026],[-21.331,66.009],[-21.607,65.961],[-21.302,65.936],[-21.328,65.809],[-21.477,65.769],[-21.332,65.741],[-21.579,65.693],[-21.778,65.769],[-21.628,65.648],[-21.414,65.637],[-21.483,65.563],[-21.321,65.602],[-21.32,65.522],[-21.477,65.447],[-21.212,65.438],[-21.09,65.166],[-21.099,65.445],[-20.915,65.343],[-20.987,65.491],[-20.918,65.601],[-20.675,65.694],[-20.636,65.545],[-20.609,65.591],[-20.476,65.495],[-20.428,65.549],[-20.531,65.577],[-20.411,65.597],[-20.388,65.529],[-20.27,65.665],[-20.449,66.029],[-20.408,66.091],[-20.092,66.131],[-19.88,65.905],[-19.456,65.729],[-19.399,65.837],[-19.511,65.96],[-19.414,66.008],[-19.438,66.067],[-19.058,66.07],[-19.069,66.165],[-18.827,66.203],[-18.545,66.083],[-18.54,65.974],[-18.218,65.868],[-18.064,65.645],[-18.068,65.831],[-18.297,66.015],[-18.297,66.18],[-17.913,66.152],[-17.55,65.912],[-17.578,65.974],[-17.495,65.988],[-17.611,65.994],[-17.413,65.961],[-17.352,66.097],[-17.146,66.221],[-16.923,66.111],[-16.597,66.098],[-16.686,66.166],[-16.531,66.199],[-16.624,66.166],[-16.426,66.145],[-16.543,66.507],[-16.023,66.537],[-15.891,66.495],[-15.938,66.424],[-15.697,66.387],[-15.775,66.289],[-15.699,66.234],[-15.38,66.15],[-15.331,66.261],[-14.952,66.378],[-14.564,66.385]]],[[[-17.751,63.718],[-17.744,63.712],[-17.743,63.703],[-17.749,63.692],[-17.765,63.682],[-17.771,63.681],[-17.764,63.685],[-17.759,63.69],[-17.761,63.696],[-17.769,63.699],[-17.78,63.698],[-17.823,63.691],[-17.821,63.7],[-17.79,63.713],[-17.773,63.718],[-17.766,63.719],[-17.751,63.718]]],[[[-18.009,66.564],[-17.984,66.551],[-17.976,66.548],[-17.98,66.539],[-18.0,66.533],[-18.017,66.545],[-18.02,66.561],[-18.009,66.564]]],[[[-20.262,63.445],[-20.258,63.441],[-20.253,63.43],[-20.26,63.419],[-20.27,63.409],[-20.28,63.403],[-20.287,63.406],[-20.292,63.415],[-20.298,63.423],[-20.306,63.435],[-20.303,63.446],[-20.283,63.451],[-20.259,63.451],[-20.257,63.45],[-20.262,63.445]]],[[[-18.38,66.012],[-18.371,66.007],[-18.357,65.993],[-18.357,65.982],[-18.37,65.978],[-18.382,65.98],[-18.39,65.983],[-18.397,65.989],[-18.399,65.997],[-18.405,66.009],[-18.414,66.024],[-18.409,66.027],[-18.389,66.019],[-18.38,66.012]]]]}}]}